bet_id,match_id,strategy,bookmaker,market,selection,captured_odds,closing_odds,stake,placed_ts,settled_ts,result,payout,pnl,clv,league,odds_band
B000003,M00003,Aggressive_Momentum,Betano,MONEYLINE_HOME,HOME,1.17,1.24,118.28,2024-12-29 23:00:00,2025-01-01 19:00:00,win,138.39,20.11,-0.0565,Brasileirao,1.01-1.50
B000002,M00003,Quant_Value,1xBet,BTTS_YES,YES,1.61,1.6,66.53,2024-12-30 00:00:00,2025-01-01 19:00:00,loss,0.0,-66.53,0.0063,Brasileirao,1.51-2.00
B000001,M00002,League_Specialist,Stake,BTTS_YES,YES,1.06,1.09,103.58,2024-12-30 22:00:00,2025-01-01 21:00:00,loss,0.0,-103.58,-0.0275,La Liga,1.01-1.50
B000005,M00004,League_Specialist,Betano,MONEYLINE_HOME,HOME,3.96,3.9,105.64,2024-12-31 03:00:00,2025-01-02 22:00:00,loss,0.0,-105.64,0.0154,Serie A,3.01+
B000010,M00007,League_Specialist,Stake,DNB_HOME,HOME,1.08,1.05,84.44,2024-12-31 10:00:00,2025-01-02 22:00:00,win,91.2,6.76,0.0286,Serie A,1.01-1.50
B000013,M00009,Quant_Value,Betano,BTTS_YES,YES,2.28,2.18,81.93,2024-12-31 11:00:00,2025-01-03 19:00:00,loss,0.0,-81.93,0.0459,Premier League,2.01-2.50
B000008,M00006,Aggressive_Momentum,Stake,OVER_2_5,YES,2.07,2.18,132.52,2024-12-31 12:00:00,2025-01-03 00:00:00,loss,0.0,-132.52,-0.0505,Premier League,2.01-2.50
B000018,M00011,Aggressive_Momentum,Pinnacle,BTTS_YES,YES,1.36,1.37,113.05,2024-12-31 21:00:00,2025-01-03 21:00:00,loss,0.0,-113.05,-0.0073,Serie A,1.01-1.50
B000017,M00011,Quant_Value,Pinnacle,MONEYLINE_HOME,HOME,8.01,7.88,59.82,2025-01-01 01:00:00,2025-01-03 21:00:00,loss,0.0,-59.82,0.0165,Serie A,3.01+
B000025,M00015,Aggressive_Momentum,Stake,BTTS_YES,YES,1.41,1.44,139.23,2025-01-01 01:00:00,2025-01-04 18:00:00,win,196.31,57.08,-0.0208,Brasileirao,1.01-1.50
B000004,M00004,Quant_Value,Bet365,MONEYLINE_HOME,HOME,3.78,3.84,58.45,2025-01-01 02:00:00,2025-01-02 22:00:00,loss,0.0,-58.45,-0.0156,Serie A,3.01+
B000007,M00005,Quant_Value,1xBet,OVER_2_5,YES,1.97,2.01,57.05,2025-01-01 05:00:00,2025-01-02 21:00:00,loss,0.0,-57.05,-0.0199,La Liga,1.51-2.00
B000009,M00007,Quant_Value,Pinnacle,OVER_2_5,YES,1.86,1.75,53.6,2025-01-01 09:00:00,2025-01-02 22:00:00,loss,0.0,-53.6,0.0629,Serie A,1.51-2.00
B000016,M00010,Aggressive_Momentum,Bet365,MONEYLINE_HOME,HOME,2.16,2.09,98.68,2025-01-01 12:00:00,2025-01-04 01:00:00,loss,0.0,-98.68,0.0335,Brasileirao,2.01-2.50
B000011,M00008,Quant_Value,Stake,OVER_2_5,YES,1.9,1.81,77.83,2025-01-01 18:00:00,2025-01-03 17:00:00,win,147.88,70.05,0.0497,La Liga,1.51-2.00
B000023,M00014,League_Specialist,Betano,OVER_2_5,YES,1.89,1.85,91.33,2025-01-01 21:00:00,2025-01-04 18:00:00,win,172.61,81.28,0.0216,Premier League,1.51-2.00
B000006,M00004,Aggressive_Momentum,Bet365,BTTS_YES,YES,1.18,1.2,88.15,2025-01-01 23:00:00,2025-01-02 22:00:00,loss,0.0,-88.15,-0.0167,Serie A,1.01-1.50
B000028,M00017,League_Specialist,Betano,BTTS_YES,YES,1.72,1.65,108.77,2025-01-02 06:00:00,2025-01-05 19:00:00,win,187.08,78.31,0.0424,Brasileirao,1.51-2.00
B000024,M00015,Quant_Value,Stake,OVER_2_5,YES,1.88,1.78,79.73,2025-01-02 11:00:00,2025-01-04 18:00:00,loss,0.0,-79.73,0.0562,Brasileirao,1.51-2.00
B000015,M00010,Quant_Value,Bet365,BTTS_YES,YES,1.09,1.12,104.72,2025-01-02 18:00:00,2025-01-04 01:00:00,win,114.14,9.42,-0.0268,Brasileirao,1.01-1.50
B000014,M00009,Aggressive_Momentum,Pinnacle,DNB_HOME,HOME,1.05,1.05,85.27,2025-01-02 21:00:00,2025-01-03 19:00:00,push,85.27,0.0,0.0,Premier League,1.01-1.50
B000035,M00023,League_Specialist,Stake,DNB_HOME,HOME,1.61,1.54,123.19,2025-01-02 22:00:00,2025-01-06 17:00:00,loss,0.0,-123.19,0.0455,Serie A,1.51-2.00
B000012,M00008,League_Specialist,Bet365,OVER_2_5,YES,1.76,1.75,134.2,2025-01-03 00:00:00,2025-01-03 17:00:00,win,236.19,101.99,0.0057,La Liga,1.51-2.00
B000019,M00012,Quant_Value,1xBet,MONEYLINE_HOME,HOME,1.78,1.66,59.64,2025-01-03 01:00:00,2025-01-04 22:00:00,win,106.16,46.52,0.0723,La Liga,1.51-2.00
B000032,M00021,Aggressive_Momentum,1xBet,OVER_2_5,YES,1.61,1.71,102.21,2025-01-03 13:00:00,2025-01-06 23:00:00,win,164.56,62.35,-0.0585,La Liga,1.51-2.00
B000026,M00016,League_Specialist,Betano,MONEYLINE_HOME,HOME,3.85,3.63,51.65,2025-01-03 15:00:00,2025-01-05 18:00:00,loss,0.0,-51.65,0.0606,Serie A,3.01+
B000021,M00013,Aggressive_Momentum,Bet365,MONEYLINE_HOME,HOME,7.22,6.9,231.68,2025-01-03 17:00:00,2025-01-04 22:00:00,win,1672.73,1441.05,0.0464,Premier League,3.01+
B000022,M00014,Quant_Value,Betano,MONEYLINE_HOME,HOME,1.72,1.7,79.18,2025-01-04 00:00:00,2025-01-04 18:00:00,win,136.19,57.01,0.0118,Premier League,1.51-2.00
B000027,M00016,Aggressive_Momentum,Betano,OVER_2_5,YES,1.95,1.99,175.5,2025-01-04 00:00:00,2025-01-05 18:00:00,win,342.22,166.72,-0.0201,Serie A,1.51-2.00
B000030,M00019,Quant_Value,1xBet,BTTS_YES,YES,1.24,1.19,94.23,2025-01-04 01:00:00,2025-01-05 22:00:00,loss,0.0,-94.23,0.042,Brasileirao,1.01-1.50
B000033,M00022,League_Specialist,Pinnacle,DNB_HOME,HOME,2.13,2.06,95.73,2025-01-04 05:00:00,2025-01-07 00:00:00,loss,0.0,-95.73,0.034,La Liga,2.01-2.50
B000031,M00020,Aggressive_Momentum,Pinnacle,BTTS_YES,YES,1.21,1.21,159.55,2025-01-04 10:00:00,2025-01-06 19:00:00,loss,0.0,-159.55,0.0,Premier League,1.01-1.50
B000020,M00012,Aggressive_Momentum,Stake,BTTS_YES,YES,1.21,1.25,107.1,2025-01-04 13:00:00,2025-01-04 22:00:00,win,129.59,22.49,-0.032,La Liga,1.01-1.50
B000029,M00018,Quant_Value,Pinnacle,OVER_2_5,YES,1.71,1.65,33.76,2025-01-04 19:00:00,2025-01-05 18:00:00,win,57.73,23.97,0.0364,Premier League,1.51-2.00
B000041,M00027,League_Specialist,Stake,OVER_2_5,YES,1.81,1.76,88.58,2025-01-04 20:00:00,2025-01-07 22:00:00,win,160.33,71.75,0.0284,Premier League,1.51-2.00
B000043,M00028,Aggressive_Momentum,1xBet,BTTS_YES,YES,1.24,1.22,104.82,2025-01-05 11:00:00,2025-01-09 00:00:00,loss,0.0,-104.82,0.0164,Brasileirao,1.01-1.50
B000037,M00025,Quant_Value,Betano,DNB_HOME,HOME,1.14,1.13,80.92,2025-01-05 16:00:00,2025-01-07 17:00:00,win,92.25,11.33,0.0088,Premier League,1.01-1.50
B000036,M00023,Aggressive_Momentum,Pinnacle,MONEYLINE_HOME,HOME,2.15,2.08,133.22,2025-01-05 22:00:00,2025-01-06 17:00:00,loss,0.0,-133.22,0.0337,Serie A,2.01-2.50
B000039,M00026,Quant_Value,1xBet,MONEYLINE_HOME,HOME,1.98,1.95,80.65,2025-01-05 22:00:00,2025-01-07 20:00:00,win,159.69,79.04,0.0154,Premier League,1.51-2.00
B000049,M00032,Quant_Value,1xBet,MONEYLINE_HOME,HOME,1.77,1.73,48.93,2025-01-06 03:00:00,2025-01-09 22:00:00,loss,0.0,-48.93,0.0231,La Liga,1.51-2.00
B000034,M00022,Aggressive_Momentum,Betano,MONEYLINE_HOME,HOME,2.7,2.66,116.22,2025-01-06 04:00:00,2025-01-07 00:00:00,loss,0.0,-116.22,0.015,La Liga,2.51-3.00
B000051,M00032,Aggressive_Momentum,1xBet,BTTS_YES,YES,1.15,1.2,119.72,2025-01-06 05:00:00,2025-01-09 22:00:00,loss,0.0,-119.72,-0.0417,La Liga,1.01-1.50
B000038,M00025,League_Specialist,Betano,DNB_HOME,HOME,1.19,1.14,81.71,2025-01-06 06:00:00,2025-01-07 17:00:00,win,97.23,15.52,0.0439,Premier League,1.01-1.50
B000040,M00026,Aggressive_Momentum,1xBet,OVER_2_5,YES,1.89,1.92,197.8,2025-01-06 08:00:00,2025-01-07 20:00:00,loss,0.0,-197.8,-0.0156,Premier League,1.51-2.00
B000048,M00031,Aggressive_Momentum,Bet365,DNB_HOME,HOME,1.18,1.24,98.89,2025-01-06 12:00:00,2025-01-09 00:00:00,win,116.69,17.8,-0.0484,Premier League,1.01-1.50
B000044,M00029,League_Specialist,1xBet,MONEYLINE_HOME,HOME,1.16,1.17,112.45,2025-01-06 18:00:00,2025-01-09 01:00:00,win,130.44,17.99,-0.0085,Premier League,1.01-1.50
B000050,M00032,League_Specialist,Pinnacle,MONEYLINE_HOME,HOME,1.65,1.71,123.4,2025-01-06 23:00:00,2025-01-09 22:00:00,loss,0.0,-123.4,-0.0351,La Liga,1.51-2.00
B000045,M00030,Quant_Value,Pinnacle,BTTS_YES,YES,1.15,1.14,58.06,2025-01-07 02:00:00,2025-01-09 01:00:00,loss,0.0,-58.06,0.0088,La Liga,1.01-1.50
B000054,M00035,Aggressive_Momentum,Bet365,OVER_2_5,YES,1.75,1.79,115.59,2025-01-07 03:00:00,2025-01-09 23:00:00,loss,0.0,-115.59,-0.0223,Serie A,1.51-2.00
B000055,M00036,Quant_Value,Betano,MONEYLINE_HOME,HOME,8.13,7.85,84.44,2025-01-07 09:00:00,2025-01-11 00:00:00,loss,0.0,-84.44,0.0357,Serie A,3.01+
B000042,M00028,League_Specialist,Betano,MONEYLINE_HOME,HOME,1.82,1.75,44.21,2025-01-07 10:00:00,2025-01-09 00:00:00,win,80.46,36.25,0.04,Brasileirao,1.51-2.00
B000047,M00031,Quant_Value,Stake,OVER_2_5,YES,1.86,1.8,80.34,2025-01-07 10:00:00,2025-01-09 00:00:00,win,149.43,69.09,0.0333,Premier League,1.51-2.00
B000046,M00030,Aggressive_Momentum,Pinnacle,MONEYLINE_HOME,HOME,3.36,3.28,46.2,2025-01-07 15:00:00,2025-01-09 01:00:00,loss,0.0,-46.2,0.0244,La Liga,3.01+
B000056,M00037,Quant_Value,Bet365,DNB_HOME,HOME,2.03,1.9,55.13,2025-01-08 16:00:00,2025-01-10 20:00:00,loss,0.0,-55.13,0.0684,Brasileirao,2.01-2.50
B000057,M00037,League_Specialist,Bet365,MONEYLINE_HOME,HOME,2.54,2.43,81.91,2025-01-08 20:00:00,2025-01-10 20:00:00,loss,0.0,-81.91,0.0453,Brasileirao,2.51-3.00
B000062,M00042,League_Specialist,Stake,OVER_2_5,YES,1.99,1.94,85.31,2025-01-08 20:00:00,2025-01-11 20:00:00,loss,0.0,-85.31,0.0258,La Liga,1.51-2.00
B000061,M00042,Quant_Value,Stake,OVER_2_5,YES,1.98,1.93,88.81,2025-01-08 23:00:00,2025-01-11 20:00:00,loss,0.0,-88.81,0.0259,La Liga,1.51-2.00
B000053,M00034,Aggressive_Momentum,Stake,OVER_2_5,YES,1.78,1.78,80.17,2025-01-09 08:00:00,2025-01-09 20:00:00,loss,0.0,-80.17,0.0,La Liga,1.51-2.00
B000052,M00033,Aggressive_Momentum,Bet365,MONEYLINE_HOME,HOME,1.27,1.3,158.44,2025-01-09 12:00:00,2025-01-09 23:00:00,loss,0.0,-158.44,-0.0231,Brasileirao,1.01-1.50
B000064,M00045,League_Specialist,Stake,BTTS_YES,YES,1.53,1.46,96.38,2025-01-10 01:00:00,2025-01-13 00:00:00,loss,0.0,-96.38,0.0479,Brasileirao,1.51-2.00
B000069,M00049,Aggressive_Momentum,1xBet,DNB_HOME,HOME,1.28,1.3,179.96,2025-01-10 05:00:00,2025-01-13 18:00:00,win,230.35,50.39,-0.0154,Brasileirao,1.01-1.50
B000070,M00050,Aggressive_Momentum,Betano,OVER_2_5,YES,1.94,1.91,131.09,2025-01-10 05:00:00,2025-01-14 01:00:00,win,254.31,123.22,0.0157,Serie A,1.51-2.00
B000067,M00048,Aggressive_Momentum,1xBet,MONEYLINE_HOME,HOME,1.89,1.89,139.56,2025-01-10 07:00:00,2025-01-13 23:00:00,win,263.77,124.21,0.0,Serie A,1.51-2.00
B000065,M00046,Quant_Value,Betano,DNB_HOME,HOME,1.19,1.16,75.8,2025-01-10 11:00:00,2025-01-12 23:00:00,loss,0.0,-75.8,0.0259,Premier League,1.01-1.50
B000068,M00049,League_Specialist,Pinnacle,OVER_2_5,YES,1.87,1.83,129.04,2025-01-10 16:00:00,2025-01-13 18:00:00,win,241.3,112.26,0.0219,Brasileirao,1.51-2.00
B000060,M00041,Aggressive_Momentum,Bet365,MONEYLINE_HOME,HOME,1.49,1.5,122.63,2025-01-11 03:00:00,2025-01-11 21:00:00,win,182.72,60.09,-0.0067,Premier League,1.01-1.50
B000075,M00054,Quant_Value,Pinnacle,BTTS_YES,YES,1.21,1.22,84.53,2025-01-11 05:00:00,2025-01-14 17:00:00,win,102.28,17.75,-0.0082,Premier League,1.01-1.50
B000059,M00041,Quant_Value,1xBet,OVER_2_5,YES,1.77,1.79,85.05,2025-01-11 08:00:00,2025-01-11 21:00:00,loss,0.0,-85.05,-0.0112,Premier League,1.51-2.00
B000072,M00052,Quant_Value,Bet365,BTTS_YES,YES,1.32,1.26,55.0,2025-01-11 11:00:00,2025-01-15 01:00:00,loss,0.0,-55.0,0.0476,Premier League,1.01-1.50
B000058,M00040,Aggressive_Momentum,Pinnacle,OVER_2_5,YES,1.67,1.73,102.62,2025-01-11 14:00:00,2025-01-12 01:00:00,win,171.38,68.76,-0.0347,La Liga,1.51-2.00
B000066,M00047,League_Specialist,Stake,DNB_HOME,HOME,1.82,1.86,98.62,2025-01-11 16:00:00,2025-01-12 22:00:00,push,98.62,0.0,-0.0215,Premier League,1.51-2.00
B000063,M00045,Quant_Value,Stake,MONEYLINE_HOME,HOME,1.29,1.34,76.51,2025-01-12 09:00:00,2025-01-13 00:00:00,win,98.7,22.19,-0.0373,Brasileirao,1.01-1.50
B000077,M00054,Aggressive_Momentum,Betano,OVER_2_5,YES,1.8,1.83,132.65,2025-01-12 10:00:00,2025-01-14 17:00:00,win,238.77,106.12,-0.0164,Premier League,1.51-2.00
B000071,M00051,Aggressive_Momentum,Stake,MONEYLINE_HOME,HOME,1.29,1.33,128.37,2025-01-12 18:00:00,2025-01-13 18:00:00,win,165.6,37.23,-0.0301,La Liga,1.01-1.50
B000074,M00053,League_Specialist,Stake,MONEYLINE_HOME,HOME,1.25,1.24,129.71,2025-01-12 22:00:00,2025-01-14 18:00:00,loss,0.0,-129.71,0.0081,Serie A,1.01-1.50
B000084,M00062,Aggressive_Momentum,Betano,MONEYLINE_HOME,HOME,1.09,1.13,145.31,2025-01-13 06:00:00,2025-01-17 00:00:00,win,158.39,13.08,-0.0354,Premier League,1.01-1.50
B000073,M00052,Aggressive_Momentum,Stake,MONEYLINE_HOME,HOME,1.39,1.52,70.36,2025-01-13 14:00:00,2025-01-15 01:00:00,win,97.8,27.44,-0.0855,Premier League,1.01-1.50
B000076,M00054,League_Specialist,Bet365,MONEYLINE_HOME,HOME,1.61,1.59,75.71,2025-01-13 19:00:00,2025-01-14 17:00:00,win,121.89,46.18,0.0126,Premier League,1.51-2.00
B000079,M00055,Aggressive_Momentum,1xBet,OVER_2_5,YES,2.01,2.01,10.0,2025-01-13 21:00:00,2025-01-14 21:00:00,loss,0.0,-10.0,0.0,Premier League,2.01-2.50
B000080,M00057,League_Specialist,Bet365,MONEYLINE_HOME,HOME,3.82,3.81,87.35,2025-01-14 00:00:00,2025-01-16 01:00:00,win,333.68,246.33,0.0026,Brasileirao,3.01+
B000082,M00059,Aggressive_Momentum,Bet365,DNB_HOME,HOME,1.13,1.17,115.49,2025-01-14 01:00:00,2025-01-15 22:00:00,win,130.5,15.01,-0.0342,Brasileirao,1.01-1.50
B000078,M00055,Quant_Value,Bet365,MONEYLINE_HOME,HOME,5.06,4.84,83.83,2025-01-14 03:00:00,2025-01-14 21:00:00,loss,0.0,-83.83,0.0455,Premier League,3.01+
B000091,M00067,League_Specialist,Pinnacle,MONEYLINE_HOME,HOME,2.09,2.09,72.85,2025-01-14 05:00:00,2025-01-17 18:00:00,win,152.26,79.41,0.0,Brasileirao,2.01-2.50
B000089,M00066,Aggressive_Momentum,1xBet,BTTS_YES,YES,1.21,1.23,133.57,2025-01-14 09:00:00,2025-01-17 17:00:00,win,161.62,28.05,-0.0163,Brasileirao,1.01-1.50
B000085,M00063,League_Specialist,Betano,MONEYLINE_HOME,HOME,4.14,3.93,78.59,2025-01-14 11:00:00,2025-01-16 23:00:00,win,325.36,246.77,0.0534,Serie A,3.01+
B000081,M00057,Aggressive_Momentum,1xBet,DNB_HOME,HOME,3.0,2.93,115.57,2025-01-14 13:00:00,2025-01-16 01:00:00,win,346.71,231.14,0.0239,Brasileirao,2.51-3.00
B000090,M00067,Quant_Value,Stake,OVER_2_5,YES,1.96,1.94,106.88,2025-01-14 13:00:00,2025-01-17 18:00:00,loss,0.0,-106.88,0.0103,Brasileirao,1.51-2.00
B000092,M00067,Aggressive_Momentum,Betano,OVER_2_5,YES,1.9,1.92,126.89,2025-01-14 16:00:00,2025-01-17 18:00:00,loss,0.0,-126.89,-0.0104,Brasileirao,1.51-2.00
B000098,M00071,Aggressive_Momentum,1xBet,MONEYLINE_HOME,HOME,1.28,1.32,99.22,2025-01-15 08:00:00,2025-01-18 21:00:00,win,127.0,27.78,-0.0303,Brasileirao,1.01-1.50
B000087,M00065,League_Specialist,Betano,OVER_2_5,YES,2.22,2.15,94.51,2025-01-15 15:00:00,2025-01-18 00:00:00,loss,0.0,-94.51,0.0326,Premier League,2.01-2.50
B000083,M00060,Aggressive_Momentum,Pinnacle,BTTS_YES,YES,1.12,1.14,151.69,2025-01-15 22:00:00,2025-01-16 17:00:00,win,169.89,18.2,-0.0175,La Liga,1.01-1.50
B000088,M00066,Quant_Value,1xBet,BTTS_YES,YES,1.18,1.21,60.7,2025-01-16 02:00:00,2025-01-17 17:00:00,win,71.63,10.93,-0.0248,Brasileirao,1.01-1.50
B000095,M00069,League_Specialist,Stake,MONEYLINE_HOME,HOME,7.03,6.98,65.05,2025-01-16 08:00:00,2025-01-18 22:00:00,loss,0.0,-65.05,0.0072,Premier League,3.01+
B000102,M00075,League_Specialist,1xBet,OVER_2_5,YES,1.79,1.82,106.55,2025-01-16 18:00:00,2025-01-19 21:00:00,win,190.72,84.17,-0.0165,La Liga,1.51-2.00
B000086,M00064,Quant_Value,Bet365,DNB_HOME,HOME,1.11,1.05,125.57,2025-01-16 19:00:00,2025-01-17 20:00:00,win,139.38,13.81,0.0571,Premier League,1.01-1.50
B000094,M00068,League_Specialist,Pinnacle,BTTS_YES,YES,1.61,1.59,126.82,2025-01-16 20:00:00,2025-01-18 20:00:00,win,204.18,77.36,0.0126,Serie A,1.51-2.00
B000108,M00079,Aggressive_Momentum,Stake,BTTS_YES,YES,1.24,1.28,144.97,2025-01-17 04:00:00,2025-01-20 18:00:00,win,179.76,34.79,-0.0312,Premier League,1.01-1.50
B000099,M00072,Quant_Value,Betano,MONEYLINE_HOME,HOME,3.53,3.34,74.2,2025-01-17 07:00:00,2025-01-19 22:00:00,loss,0.0,-74.2,0.0569,La Liga,3.01+
B000105,M00077,Aggressive_Momentum,Bet365,MONEYLINE_HOME,HOME,3.16,3.21,43.18,2025-01-17 10:00:00,2025-01-20 18:00:00,loss,0.0,-43.18,-0.0156,Serie A,3.01+
B000096,M00070,Aggressive_Momentum,Pinnacle,MONEYLINE_HOME,HOME,2.4,2.4,151.45,2025-01-17 17:00:00,2025-01-18 20:00:00,loss,0.0,-151.45,0.0,Brasileirao,2.01-2.50
B000097,M00071,League_Specialist,Pinnacle,BTTS_YES,YES,1.46,1.5,77.85,2025-01-17 18:00:00,2025-01-18 21:00:00,loss,0.0,-77.85,-0.0267,Brasileirao,1.01-1.50
B000104,M00076,Aggressive_Momentum,Betano,MONEYLINE_HOME,HOME,1.59,1.61,200.12,2025-01-17 19:00:00,2025-01-21 01:00:00,win,318.19,118.07,-0.0124,Serie A,1.51-2.00
B000093,M00068,Quant_Value,Pinnacle,MONEYLINE_HOME,HOME,1.27,1.24,92.33,2025-01-17 21:00:00,2025-01-18 20:00:00,loss,0.0,-92.33,0.0242,Serie A,1.01-1.50
B000112,M00083,League_Specialist,Bet365,MONEYLINE_HOME,HOME,2.74,2.73,104.39,2025-01-17 21:00:00,2025-01-21 20:00:00,win,286.03,181.64,0.0037,La Liga,2.51-3.00
B000100,M00073,Aggressive_Momentum,Stake,DNB_HOME,HOME,1.05,1.07,130.93,2025-01-18 02:00:00,2025-01-19 20:00:00,win,137.48,6.55,-0.0187,Brasileirao,1.01-1.50
B000110,M00080,Aggressive_Momentum,Pinnacle,OVER_2_5,YES,1.63,1.66,116.78,2025-01-18 07:00:00,2025-01-22 01:00:00,loss,0.0,-116.78,-0.0181,Premier League,1.51-2.00
B000109,M00080,League_Specialist,1xBet,DNB_HOME,HOME,1.08,1.05,137.82,2025-01-18 14:00:00,2025-01-22 01:00:00,push,137.82,0.0,0.0286,Premier League,1.01-1.50
B000103,M00076,Quant_Value,Stake,BTTS_YES,YES,1.35,1.28,35.93,2025-01-18 15:00:00,2025-01-21 01:00:00,loss,0.0,-35.93,0.0547,Serie A,1.01-1.50
B000107,M00078,League_Specialist,Pinnacle,BTTS_YES,YES,1.19,1.17,114.19,2025-01-19 03:00:00,2025-01-20 20:00:00,win,135.89,21.7,0.0171,Serie A,1.01-1.50
B000113,M00085,Quant_Value,1xBet,OVER_2_5,YES,2.14,2.12,71.23,2025-01-19 03:00:00,2025-01-23 00:00:00,win,152.43,81.2,0.0094,Serie A,2.01-2.50
B000101,M00075,Quant_Value,Betano,OVER_2_5,YES,1.92,1.83,76.75,2025-01-19 05:00:00,2025-01-19 21:00:00,win,147.36,70.61,0.0492,La Liga,1.51-2.00
B000111,M00083,Quant_Value,1xBet,BTTS_YES,YES,1.14,1.07,65.23,2025-01-19 20:00:00,2025-01-21 20:00:00,loss,0.0,-65.23,0.0654,La Liga,1.01-1.50
B000116,M00087,Aggressive_Momentum,1xBet,BTTS_YES,YES,2.08,2.01,126.0,2025-01-20 04:00:00,2025-01-22 22:00:00,loss,0.0,-126.0,0.0348,Serie A,2.01-2.50
B000114,M00085,League_Specialist,Pinnacle,MONEYLINE_HOME,HOME,7.2,6.96,113.03,2025-01-20 06:00:00,2025-01-23 00:00:00,win,813.82,700.79,0.0345,Serie A,3.01+
B000106,M00078,Quant_Value,Pinnacle,DNB_HOME,HOME,1.39,1.43,96.43,2025-01-20 10:00:00,2025-01-20 20:00:00,loss,0.0,-96.43,-0.028,Serie A,1.01-1.50
B000115,M00086,Aggressive_Momentum,Pinnacle,DNB_HOME,HOME,1.05,1.05,142.62,2025-01-20 15:00:00,2025-01-22 18:00:00,push,142.62,0.0,0.0,Premier League,1.01-1.50
B000124,M00091,Aggressive_Momentum,Pinnacle,MONEYLINE_HOME,HOME,1.61,1.67,183.07,2025-01-20 15:00:00,2025-01-23 22:00:00,win,294.74,111.67,-0.0359,Brasileirao,1.51-2.00
B000117,M00088,Aggressive_Momentum,Betano,MONEYLINE_HOME,HOME,1.55,1.51,129.53,2025-01-20 17:00:00,2025-01-23 20:00:00,win,200.77,71.24,0.0265,Brasileirao,1.51-2.00
B000120,M00089,Aggressive_Momentum,Stake,OVER_2_5,YES,1.62,1.69,141.3,2025-01-20 20:00:00,2025-01-23 19:00:00,loss,0.0,-141.3,-0.0414,Serie A,1.51-2.00
B000126,M00093,Aggressive_Momentum,Bet365,MONEYLINE_HOME,HOME,7.19,7.1,74.45,2025-01-20 20:00:00,2025-01-24 18:00:00,loss,0.0,-74.45,0.0127,Serie A,3.01+
B000118,M00089,Quant_Value,Bet365,MONEYLINE_HOME,HOME,1.16,1.13,89.0,2025-01-21 12:00:00,2025-01-23 19:00:00,loss,0.0,-89.0,0.0265,Serie A,1.01-1.50
B000119,M00089,League_Specialist,1xBet,MONEYLINE_HOME,HOME,1.19,1.17,74.59,2025-01-21 16:00:00,2025-01-23 19:00:00,loss,0.0,-74.59,0.0171,Serie A,1.01-1.50
B000123,M00091,Quant_Value,Betano,OVER_2_5,YES,1.9,1.85,92.67,2025-01-21 18:00:00,2025-01-23 22:00:00,win,176.07,83.4,0.027,Brasileirao,1.51-2.00
B000122,M00090,League_Specialist,Pinnacle,MONEYLINE_HOME,HOME,1.53,1.61,47.94,2025-01-21 22:00:00,2025-01-23 21:00:00,win,73.35,25.41,-0.0497,Serie A,1.51-2.00
B000130,M00098,Aggressive_Momentum,Pinnacle,BTTS_YES,YES,1.19,1.17,130.29,2025-01-21 23:00:00,2025-01-25 19:00:00,loss,0.0,-130.29,0.0171,Brasileirao,1.01-1.50
B000121,M00090,Quant_Value,Bet365,OVER_2_5,YES,1.88,1.85,110.96,2025-01-22 02:00:00,2025-01-23 21:00:00,loss,0.0,-110.96,0.0162,Serie A,1.51-2.00
B000127,M00094,Aggressive_Momentum,Stake,MONEYLINE_HOME,HOME,1.05,1.08,125.82,2025-01-22 17:00:00,2025-01-24 23:00:00,win,132.11,6.29,-0.0278,Premier League,1.01-1.50
B000129,M00097,Aggressive_Momentum,1xBet,MONEYLINE_HOME,HOME,7.07,6.89,136.73,2025-01-23 02:00:00,2025-01-25 19:00:00,loss,0.0,-136.73,0.0261,Premier League,3.01+
B000135,M00101,League_Specialist,Betano,MONEYLINE_HOME,HOME,1.17,1.21,55.45,2025-01-23 02:00:00,2025-01-26 23:00:00,win,64.88,9.43,-0.0331,Premier League,1.01-1.50
B000132,M00099,Aggressive_Momentum,Bet365,BTTS_YES,YES,1.11,1.18,143.6,2025-01-23 03:00:00,2025-01-26 00:00:00,loss,0.0,-143.6,-0.0593,La Liga,1.01-1.50
B000125,M00092,League_Specialist,Bet365,MONEYLINE_HOME,HOME,2.97,2.99,80.86,2025-01-23 19:00:00,2025-01-24 20:00:00,loss,0.0,-80.86,-0.0067,Brasileirao,2.51-3.00
B000128,M00096,League_Specialist,Betano,MONEYLINE_HOME,HOME,1.34,1.32,84.56,2025-01-23 19:00:00,2025-01-25 20:00:00,win,113.31,28.75,0.0152,Brasileirao,1.01-1.50
B000131,M00099,Quant_Value,1xBet,OVER_2_5,YES,1.88,1.86,62.51,2025-01-23 19:00:00,2025-01-26 00:00:00,loss,0.0,-62.51,0.0108,La Liga,1.51-2.00
B000136,M00102,Quant_Value,Betano,DNB_HOME,HOME,1.24,1.31,79.26,2025-01-23 22:00:00,2025-01-26 21:00:00,win,98.28,19.02,-0.0534,Brasileirao,1.01-1.50
B000139,M00103,League_Specialist,1xBet,DNB_HOME,HOME,2.44,2.41,87.73,2025-01-24 13:00:00,2025-01-27 01:00:00,win,214.06,126.33,0.0124,Serie A,2.01-2.50
B000142,M00106,Quant_Value,Stake,OVER_2_5,YES,1.89,1.87,66.88,2025-01-24 15:00:00,2025-01-27 17:00:00,loss,0.0,-66.88,0.0107,Serie A,1.51-2.00
B000147,M00109,League_Specialist,Bet365,OVER_2_5,YES,1.64,1.63,108.68,2025-01-24 22:00:00,2025-01-28 22:00:00,win,178.24,69.56,0.0061,Premier League,1.51-2.00
B000143,M00106,Aggressive_Momentum,Pinnacle,OVER_2_5,YES,1.72,1.81,137.37,2025-01-25 02:00:00,2025-01-27 17:00:00,loss,0.0,-137.37,-0.0497,Serie A,1.51-2.00
B000141,M00105,League_Specialist,Bet365,OVER_2_5,YES,1.74,1.78,91.76,2025-01-25 04:00:00,2025-01-27 19:00:00,loss,0.0,-91.76,-0.0225,Premier League,1.51-2.00
B000146,M00108,Aggressive_Momentum,Betano,BTTS_YES,YES,1.3,1.39,139.58,2025-01-25 10:00:00,2025-01-28 22:00:00,loss,0.0,-139.58,-0.0647,Serie A,1.01-1.50
B000134,M00100,Aggressive_Momentum,Bet365,BTTS_YES,YES,1.14,1.14,104.59,2025-01-25 11:00:00,2025-01-27 01:00:00,win,119.23,14.64,0.0,Brasileirao,1.01-1.50
B000133,M00100,Quant_Value,Pinnacle,DNB_HOME,HOME,1.59,1.57,46.24,2025-01-25 16:00:00,2025-01-27 01:00:00,push,46.24,0.0,0.0127,Brasileirao,1.51-2.00
B000137,M00102,Aggressive_Momentum,Bet365,BTTS_YES,YES,1.16,1.19,50.35,2025-01-25 19:00:00,2025-01-26 21:00:00,loss,0.0,-50.35,-0.0252,Brasileirao,1.01-1.50
B000152,M00111,Aggressive_Momentum,Stake,MONEYLINE_HOME,HOME,1.3,1.36,92.74,2025-01-25 22:00:00,2025-01-28 17:00:00,win,120.56,27.82,-0.0441,La Liga,1.01-1.50
B000157,M00114,Aggressive_Momentum,Stake,OVER_2_5,YES,1.99,1.96,155.63,2025-01-26 02:00:00,2025-01-30 01:00:00,win,309.7,154.07,0.0153,Brasileirao,1.51-2.00
B000158,M00115,League_Specialist,Betano,BTTS_YES,YES,1.22,1.25,35.49,2025-01-26 06:00:00,2025-01-30 01:00:00,win,43.3,7.81,-0.024,Premier League,1.01-1.50
B000138,M00103,Quant_Value,Pinnacle,MONEYLINE_HOME,HOME,3.43,3.19,95.29,2025-01-26 07:00:00,2025-01-27 01:00:00,win,326.84,231.55,0.0752,Serie A,3.01+
B000148,M00109,Aggressive_Momentum,1xBet,OVER_2_5,YES,1.65,1.66,137.69,2025-01-26 13:00:00,2025-01-28 22:00:00,win,227.19,89.5,-0.006,Premier League,1.51-2.00
B000140,M00104,League_Specialist,1xBet,MONEYLINE_HOME,HOME,1.8,1.85,106.78,2025-01-26 15:00:00,2025-01-27 21:00:00,win,192.2,85.42,-0.027,La Liga,1.51-2.00
B000164,M00119,League_Specialist,Pinnacle,OVER_2_5,YES,1.71,1.69,129.76,2025-01-26 18:00:00,2025-01-30 18:00:00,loss,0.0,-129.76,0.0118,La Liga,1.51-2.00
B000149,M00110,Quant_Value,Stake,DNB_HOME,HOME,4.64,4.55,54.87,2025-01-26 20:00:00,2025-01-28 20:00:00,push,54.87,0.0,0.0198,La Liga,3.01+
B000144,M00107,Aggressive_Momentum,Pinnacle,MONEYLINE_HOME,HOME,4.01,4.01,119.47,2025-01-27 01:00:00,2025-01-27 17:00:00,loss,0.0,-119.47,0.0,Serie A,3.01+
B000145,M00108,League_Specialist,Bet365,BTTS_YES,YES,1.34,1.41,101.93,2025-01-27 01:00:00,2025-01-28 22:00:00,loss,0.0,-101.93,-0.0496,Serie A,1.01-1.50
B000159,M00115,Aggressive_Momentum,1xBet,MONEYLINE_HOME,HOME,1.62,1.68,200.03,2025-01-27 05:00:00,2025-01-30 01:00:00,loss,0.0,-200.03,-0.0357,Premier League,1.51-2.00
B000150,M00110,League_Specialist,Pinnacle,MONEYLINE_HOME,HOME,5.5,5.49,106.8,2025-01-27 21:00:00,2025-01-28 20:00:00,loss,0.0,-106.8,0.0018,La Liga,3.01+
B000160,M00116,Aggressive_Momentum,Pinnacle,MONEYLINE_HOME,HOME,3.26,3.27,126.9,2025-01-27 23:00:00,2025-01-30 20:00:00,win,413.69,286.79,-0.0031,Serie A,3.01+
B000154,M00113,Quant_Value,Pinnacle,OVER_2_5,YES,1.75,1.78,65.02,2025-01-28 00:00:00,2025-01-29 21:00:00,loss,0.0,-65.02,-0.0169,Serie A,1.51-2.00
B000163,M00118,Aggressive_Momentum,Betano,BTTS_YES,YES,1.14,1.08,114.18,2025-01-28 04:00:00,2025-01-30 20:00:00,loss,0.0,-114.18,0.0556,La Liga,1.01-1.50
B000151,M00110,Aggressive_Momentum,Stake,OVER_2_5,YES,2.05,2.04,81.11,2025-01-28 11:00:00,2025-01-28 20:00:00,loss,0.0,-81.11,0.0049,La Liga,2.01-2.50
B000172,M00123,Quant_Value,1xBet,BTTS_YES,YES,1.42,1.43,42.45,2025-01-28 17:00:00,2025-02-01 01:00:00,win,60.28,17.83,-0.007,Premier League,1.01-1.50
B000178,M00127,League_Specialist,Betano,MONEYLINE_HOME,HOME,1.83,1.85,68.73,2025-01-29 00:00:00,2025-02-01 19:00:00,win,125.78,57.05,-0.0108,Brasileirao,1.51-2.00
B000162,M00117,Aggressive_Momentum,Pinnacle,BTTS_YES,YES,1.06,1.1,119.85,2025-01-29 03:00:00,2025-01-30 21:00:00,loss,0.0,-119.85,-0.0364,La Liga,1.01-1.50
B000167,M00121,Quant_Value,Pinnacle,DNB_HOME,HOME,12.96,12.69,54.79,2025-01-29 08:00:00,2025-01-31 19:00:00,loss,0.0,-54.79,0.0213,Premier League,nan
B000156,M00114,League_Specialist,1xBet,BTTS_YES,YES,1.06,1.11,118.22,2025-01-29 11:00:00,2025-01-30 01:00:00,win,125.31,7.09,-0.045,Brasileirao,1.01-1.50
B000153,M00112,Quant_Value,Bet365,BTTS_YES,YES,1.29,1.26,55.86,2025-01-29 12:00:00,2025-01-29 21:00:00,loss,0.0,-55.86,0.0238,La Liga,1.01-1.50
B000155,M00113,League_Specialist,Betano,DNB_HOME,HOME,1.05,1.05,90.81,2025-01-29 12:00:00,2025-01-29 21:00:00,win,95.35,4.54,0.0,Serie A,1.01-1.50
B000175,M00126,League_Specialist,Bet365,OVER_2_5,YES,1.76,1.79,113.41,2025-01-29 21:00:00,2025-02-01 21:00:00,loss,0.0,-113.41,-0.0168,Brasileirao,1.51-2.00
B000165,M00119,Aggressive_Momentum,Pinnacle,OVER_2_5,YES,1.7,1.69,130.51,2025-01-30 02:00:00,2025-01-30 18:00:00,loss,0.0,-130.51,0.0059,La Liga,1.51-2.00
B000161,M00117,League_Specialist,1xBet,BTTS_YES,YES,1.18,1.12,102.22,2025-01-30 04:00:00,2025-01-30 21:00:00,loss,0.0,-102.22,0.0536,La Liga,1.01-1.50
B000171,M00122,Aggressive_Momentum,Stake,OVER_2_5,YES,1.85,1.84,143.55,2025-01-30 09:00:00,2025-01-31 23:00:00,win,265.57,122.02,0.0054,Serie A,1.51-2.00
B000170,M00122,League_Specialist,Bet365,MONEYLINE_HOME,HOME,1.62,1.63,57.85,2025-01-30 15:00:00,2025-01-31 23:00:00,win,93.72,35.87,-0.0061,Serie A,1.51-2.00
B000181,M00129,Aggressive_Momentum,Stake,OVER_2_5,YES,2.0,1.98,167.83,2025-01-30 15:00:00,2025-02-02 20:00:00,loss,0.0,-167.83,0.0101,Premier League,1.51-2.00
B000173,M00124,Quant_Value,1xBet,MONEYLINE_HOME,HOME,1.21,1.17,70.33,2025-01-30 17:00:00,2025-02-01 17:00:00,win,85.1,14.77,0.0342,Premier League,1.01-1.50
B000174,M00124,Aggressive_Momentum,Stake,DNB_HOME,HOME,1.05,1.05,101.68,2025-01-30 19:00:00,2025-02-01 17:00:00,win,106.76,5.08,0.0,Premier League,1.01-1.50
B000177,M00127,Quant_Value,1xBet,DNB_HOME,HOME,1.46,1.41,85.89,2025-01-30 19:00:00,2025-02-01 19:00:00,win,125.4,39.51,0.0355,Brasileirao,1.01-1.50
B000168,M00121,League_Specialist,Betano,OVER_2_5,YES,2.29,2.24,104.58,2025-01-31 00:00:00,2025-01-31 19:00:00,loss,0.0,-104.58,0.0223,Premier League,2.01-2.50
B000166,M00120,Aggressive_Momentum,Pinnacle,OVER_2_5,YES,1.76,1.74,113.81,2025-01-31 11:00:00,2025-01-31 21:00:00,win,200.31,86.5,0.0115,Brasileirao,1.51-2.00
B000169,M00122,Quant_Value,Bet365,OVER_2_5,YES,1.81,1.79,68.84,2025-01-31 14:00:00,2025-01-31 23:00:00,win,124.6,55.76,0.0112,Serie A,1.51-2.00
B000176,M00126,Aggressive_Momentum,Bet365,OVER_2_5,YES,1.68,1.74,92.35,2025-01-31 14:00:00,2025-02-01 21:00:00,loss,0.0,-92.35,-0.0345,Brasileirao,1.51-2.00
B000184,M00132,Quant_Value,Pinnacle,MONEYLINE_HOME,HOME,1.21,1.19,95.98,2025-01-31 17:00:00,2025-02-03 18:00:00,win,116.14,20.16,0.0168,Brasileirao,1.01-1.50
B000179,M00127,Aggressive_Momentum,Bet365,OVER_2_5,YES,1.83,1.84,146.84,2025-01-31 18:00:00,2025-02-01 19:00:00,loss,0.0,-146.84,-0.0054,Brasileirao,1.51-2.00
B000192,M00137,Aggressive_Momentum,Pinnacle,BTTS_YES,YES,1.41,1.38,159.54,2025-01-31 20:00:00,2025-02-04 20:00:00,loss,0.0,-159.54,0.0217,Serie A,1.01-1.50
B000180,M00129,Quant_Value,1xBet,MONEYLINE_HOME,HOME,2.98,2.94,75.25,2025-02-01 02:00:00,2025-02-02 20:00:00,win,224.25,149.0,0.0136,Premier League,2.51-3.00
B000183,M00131,Aggressive_Momentum,Stake,MONEYLINE_HOME,HOME,1.44,1.49,93.46,2025-02-01 08:00:00,2025-02-02 22:00:00,win,134.58,41.12,-0.0336,Brasileirao,1.01-1.50
B000191,M00137,League_Specialist,Stake,BTTS_YES,YES,1.39,1.37,89.16,2025-02-01 08:00:00,2025-02-04 20:00:00,loss,0.0,-89.16,0.0146,Serie A,1.01-1.50
B000196,M00140,Quant_Value,Bet365,BTTS_YES,YES,1.14,1.18,80.56,2025-02-01 22:00:00,2025-02-05 23:00:00,win,91.84,11.28,-0.0339,Serie A,1.01-1.50
B000182,M00130,Aggressive_Momentum,Pinnacle,OVER_2_5,YES,1.89,1.91,107.28,2025-02-02 05:00:00,2025-02-03 00:00:00,loss,0.0,-107.28,-0.0105,La Liga,1.51-2.00
B000187,M00134,Aggressive_Momentum,Pinnacle,OVER_2_5,YES,1.84,1.84,146.05,2025-02-02 08:00:00,2025-02-04 01:00:00,loss,0.0,-146.05,0.0,Serie A,1.51-2.00
B000188,M00135,Quant_Value,Stake,BTTS_YES,YES,2.1,2.01,121.31,2025-02-02 11:00:00,2025-02-03 20:00:00,loss,0.0,-121.31,0.0448,Serie A,2.01-2.50
B000193,M00138,Quant_Value,Bet365,MONEYLINE_HOME,HOME,1.44,1.39,74.33,2025-02-02 11:00:00,2025-02-04 20:00:00,loss,0.0,-74.33,0.036,Serie A,1.01-1.50
B000194,M00139,League_Specialist,Stake,MONEYLINE_HOME,HOME,2.08,2.01,62.48,2025-02-02 12:00:00,2025-02-04 19:00:00,loss,0.0,-62.48,0.0348,Premier League,2.01-2.50
B000186,M00134,Quant_Value,Bet365,MONEYLINE_HOME,HOME,1.8,1.84,108.95,2025-02-02 18:00:00,2025-02-04 01:00:00,loss,0.0,-108.95,-0.0217,Serie A,1.51-2.00
B000185,M00133,Aggressive_Momentum,Pinnacle,OVER_2_5,YES,1.94,1.91,151.3,2025-02-02 20:00:00,2025-02-03 20:00:00,loss,0.0,-151.3,0.0157,La Liga,1.51-2.00
B000204,M00146,Aggressive_Momentum,1xBet,BTTS_YES,YES,1.17,1.14,149.36,2025-02-03 00:00:00,2025-02-06 21:00:00,win,174.75,25.39,0.0263,La Liga,1.01-1.50
B000190,M00137,Quant_Value,Stake,MONEYLINE_HOME,HOME,6.79,7.14,101.46,2025-02-03 04:00:00,2025-02-04 20:00:00,loss,0.0,-101.46,-0.049,Serie A,3.01+
B000189,M00135,Aggressive_Momentum,Stake,MONEYLINE_HOME,HOME,1.05,1.13,114.79,2025-02-03 07:00:00,2025-02-03 20:00:00,win,120.53,5.74,-0.0708,Serie A,1.01-1.50
B000200,M00143,League_Specialist,1xBet,DNB_HOME,HOME,1.06,1.06,109.22,2025-02-03 13:00:00,2025-02-05 17:00:00,win,115.77,6.55,0.0,Serie A,1.01-1.50
B000197,M00141,League_Specialist,Stake,MONEYLINE_HOME,HOME,1.12,1.13,67.47,2025-02-03 15:00:00,2025-02-05 22:00:00,win,75.57,8.1,-0.0088,Premier League,1.01-1.50
B000205,M00147,Quant_Value,Betano,MONEYLINE_HOME,HOME,5.82,5.7,64.44,2025-02-03 23:00:00,2025-02-06 17:00:00,loss,0.0,-64.44,0.0211,Premier League,3.01+
B000195,M00139,Aggressive_Momentum,Stake,BTTS_YES,YES,1.05,1.14,147.66,2025-02-04 03:00:00,2025-02-04 19:00:00,win,155.04,7.38,-0.0789,Premier League,1.01-1.50
B000202,M00144,Aggressive_Momentum,Bet365,MONEYLINE_HOME,HOME,9.15,9.23,113.86,2025-02-04 15:00:00,2025-02-07 01:00:00,win,1041.82,927.96,-0.0087,Premier League,3.01+
B000207,M00148,Aggressive_Momentum,Stake,OVER_2_5,YES,1.91,1.94,166.6,2025-02-04 18:00:00,2025-02-07 23:00:00,loss,0.0,-166.6,-0.0155,La Liga,1.51-2.00
B000212,M00155,Aggressive_Momentum,Bet365,BTTS_YES,YES,1.1,1.09,172.26,2025-02-04 19:00:00,2025-02-08 19:00:00,win,189.49,17.23,0.0092,Premier League,1.01-1.50
B000198,M00142,League_Specialist,1xBet,MONEYLINE_HOME,HOME,1.23,1.15,75.58,2025-02-05 04:00:00,2025-02-06 00:00:00,win,92.96,17.38,0.0696,Premier League,1.01-1.50
B000199,M00142,Aggressive_Momentum,Stake,MONEYLINE_HOME,HOME,1.09,1.14,133.59,2025-02-05 07:00:00,2025-02-06 00:00:00,win,145.61,12.02,-0.0439,Premier League,1.01-1.50
B000211,M00154,Aggressive_Momentum,1xBet,BTTS_YES,YES,1.42,1.46,183.81,2025-02-05 18:00:00,2025-02-08 21:00:00,win,261.01,77.2,-0.0274,Premier League,1.01-1.50
B000201,M00144,Quant_Value,1xBet,MONEYLINE_HOME,HOME,9.15,9.03,53.6,2025-02-05 21:00:00,2025-02-07 01:00:00,win,490.44,436.84,0.0133,Premier League,3.01+
B000203,M00146,League_Specialist,Betano,DNB_HOME,HOME,1.68,1.7,117.27,2025-02-05 22:00:00,2025-02-06 21:00:00,push,117.27,0.0,-0.0118,La Liga,1.51-2.00
B000218,M00159,Quant_Value,Betano,MONEYLINE_HOME,HOME,4.23,4.18,82.21,2025-02-06 02:00:00,2025-02-09 23:00:00,loss,0.0,-82.21,0.012,Brasileirao,3.01+
B000219,M00159,Aggressive_Momentum,Bet365,BTTS_YES,YES,1.21,1.22,90.09,2025-02-06 08:00:00,2025-02-09 23:00:00,win,109.01,18.92,-0.0082,Brasileirao,1.01-1.50
B000209,M00149,Aggressive_Momentum,Pinnacle,BTTS_YES,YES,1.49,1.47,180.23,2025-02-06 12:00:00,2025-02-07 20:00:00,win,268.54,88.31,0.0136,Brasileirao,1.01-1.50
B000217,M00158,Aggressive_Momentum,Betano,BTTS_YES,YES,1.35,1.36,117.2,2025-02-06 12:00:00,2025-02-09 23:00:00,win,158.22,41.02,-0.0074,Premier League,1.01-1.50
B000208,M00149,Quant_Value,Stake,OVER_2_5,YES,1.67,1.73,73.05,2025-02-06 16:00:00,2025-02-07 20:00:00,win,121.99,48.94,-0.0347,Brasileirao,1.51-2.00
B000210,M00150,League_Specialist,1xBet,MONEYLINE_HOME,HOME,4.37,4.15,94.57,2025-02-06 19:00:00,2025-02-08 00:00:00,loss,0.0,-94.57,0.053,Brasileirao,3.01+
B000214,M00157,Quant_Value,Bet365,MONEYLINE_HOME,HOME,7.03,6.88,67.81,2025-02-06 23:00:00,2025-02-10 01:00:00,loss,0.0,-67.81,0.0218,Premier League,3.01+
B000213,M00156,League_Specialist,Betano,MONEYLINE_HOME,HOME,14.02,14.33,42.55,2025-02-07 07:00:00,2025-02-10 00:00:00,loss,0.0,-42.55,-0.0216,Premier League,nan
B000224,M00162,Aggressive_Momentum,Stake,MONEYLINE_HOME,HOME,7.24,6.94,158.9,2025-02-07 09:00:00,2025-02-10 18:00:00,loss,0.0,-158.9,0.0432,Serie A,3.01+
B000206,M00148,League_Specialist,Bet365,MONEYLINE_HOME,HOME,3.17,3.04,76.45,2025-02-07 15:00:00,2025-02-07 23:00:00,loss,0.0,-76.45,0.0428,La Liga,3.01+
B000215,M00157,Aggressive_Momentum,Pinnacle,OVER_2_5,YES,2.07,2.12,146.98,2025-02-07 16:00:00,2025-02-10 01:00:00,win,304.25,157.27,-0.0236,Premier League,2.01-2.50
B000221,M00161,Aggressive_Momentum,Betano,MONEYLINE_HOME,HOME,2.57,2.74,165.68,2025-02-08 04:00:00,2025-02-10 17:00:00,win,425.8,260.12,-0.062,La Liga,2.51-3.00
B000216,M00158,League_Specialist,Pinnacle,DNB_HOME,HOME,1.11,1.16,84.01,2025-02-08 21:00:00,2025-02-09 23:00:00,push,84.01,0.0,-0.0431,Premier League,1.01-1.50
B000234,M00170,Quant_Value,1xBet,MONEYLINE_HOME,HOME,9.02,9.04,53.21,2025-02-09 00:00:00,2025-02-12 18:00:00,win,479.95,426.74,-0.0022,Premier League,3.01+
B000220,M00160,Quant_Value,Bet365,OVER_2_5,YES,2.1,2.05,64.46,2025-02-09 04:00:00,2025-02-10 19:00:00,loss,0.0,-64.46,0.0244,Serie A,2.01-2.50
B000222,M00162,Quant_Value,Betano,OVER_2_5,YES,2.06,2.1,86.5,2025-02-09 09:00:00,2025-02-10 18:00:00,loss,0.0,-86.5,-0.019,Serie A,2.01-2.50
B000229,M00166,Quant_Value,Betano,DNB_HOME,HOME,1.83,1.67,58.53,2025-02-09 10:00:00,2025-02-12 01:00:00,push,58.53,0.0,0.0958,Premier League,1.51-2.00
B000237,M00171,Aggressive_Momentum,1xBet,OVER_2_5,YES,1.97,1.94,158.03,2025-02-09 11:00:00,2025-02-12 18:00:00,win,311.32,153.29,0.0155,La Liga,1.51-2.00
B000225,M00163,Aggressive_Momentum,1xBet,MONEYLINE_HOME,HOME,3.6,3.52,143.47,2025-02-09 21:00:00,2025-02-10 23:00:00,win,516.49,373.02,0.0227,La Liga,3.01+
B000230,M00166,Aggressive_Momentum,Betano,BTTS_YES,YES,1.15,1.14,138.07,2025-02-10 04:00:00,2025-02-12 01:00:00,loss,0.0,-138.07,0.0088,Premier League,1.01-1.50
B000236,M00171,Quant_Value,1xBet,MONEYLINE_HOME,HOME,3.05,3.09,91.42,2025-02-10 04:00:00,2025-02-12 18:00:00,loss,0.0,-91.42,-0.0129,La Liga,3.01+
B000232,M00168,Quant_Value,Betano,BTTS_YES,YES,1.22,1.15,76.16,2025-02-10 05:00:00,2025-02-12 18:00:00,win,92.92,16.76,0.0609,Brasileirao,1.01-1.50
B000223,M00162,League_Specialist,1xBet,BTTS_YES,YES,1.27,1.32,76.66,2025-02-10 06:00:00,2025-02-10 18:00:00,loss,0.0,-76.66,-0.0379,Serie A,1.01-1.50
B000226,M00164,Aggressive_Momentum,Bet365,OVER_2_5,YES,2.03,2.06,163.94,2025-02-10 08:00:00,2025-02-11 20:00:00,win,332.8,168.86,-0.0146,Serie A,2.01-2.50
B000244,M00175,Aggressive_Momentum,Pinnacle,DNB_HOME,HOME,1.44,1.52,120.71,2025-02-10 08:00:00,2025-02-13 17:00:00,win,173.82,53.11,-0.0526,Premier League,1.01-1.50
B000241,M00174,League_Specialist,1xBet,DNB_HOME,HOME,1.52,1.54,86.87,2025-02-10 15:00:00,2025-02-13 19:00:00,win,132.04,45.17,-0.013,Premier League,1.51-2.00
B000231,M00167,Aggressive_Momentum,Stake,MONEYLINE_HOME,HOME,1.79,1.79,101.23,2025-02-10 17:00:00,2025-02-11 22:00:00,loss,0.0,-101.23,0.0,Brasileirao,1.51-2.00
B000242,M00175,Quant_Value,Bet365,MONEYLINE_HOME,HOME,2.18,2.04,73.94,2025-02-11 04:00:00,2025-02-13 17:00:00,win,161.19,87.25,0.0686,Premier League,2.01-2.50
B000235,M00170,Aggressive_Momentum,Bet365,OVER_2_5,YES,2.06,2.17,165.74,2025-02-11 06:00:00,2025-02-12 18:00:00,loss,0.0,-165.74,-0.0507,Premier League,2.01-2.50
B000227,M00165,Quant_Value,Stake,MONEYLINE_HOME,HOME,1.23,1.22,67.43,2025-02-11 07:00:00,2025-02-12 01:00:00,loss,0.0,-67.43,0.0082,La Liga,1.01-1.50
B000228,M00165,Aggressive_Momentum,Pinnacle,MONEYLINE_HOME,HOME,1.22,1.2,159.51,2025-02-11 09:00:00,2025-02-12 01:00:00,loss,0.0,-159.51,0.0167,La Liga,1.01-1.50
B000245,M00176,Quant_Value,Bet365,BTTS_YES,YES,1.15,1.1,64.8,2025-02-11 16:00:00,2025-02-14 22:00:00,loss,0.0,-64.8,0.0455,La Liga,1.01-1.50
B000249,M00179,Quant_Value,Betano,BTTS_YES,YES,1.36,1.33,69.78,2025-02-11 17:00:00,2025-02-14 21:00:00,loss,0.0,-69.78,0.0226,Premier League,1.01-1.50
B000243,M00175,League_Specialist,Stake,OVER_2_5,YES,2.07,1.92,110.49,2025-02-11 21:00:00,2025-02-13 17:00:00,win,228.71,118.22,0.0781,Premier League,2.01-2.50
B000254,M00183,League_Specialist,Betano,MONEYLINE_HOME,HOME,5.89,5.76,71.85,2025-02-11 23:00:00,2025-02-15 18:00:00,loss,0.0,-71.85,0.0226,Premier League,3.01+
B000239,M00173,Quant_Value,Bet365,MONEYLINE_HOME,HOME,16.99,17.81,56.67,2025-02-12 00:00:00,2025-02-13 19:00:00,loss,0.0,-56.67,-0.046,Premier League,nan
B000233,M00168,Aggressive_Momentum,1xBet,OVER_2_5,YES,2.0,2.01,51.5,2025-02-12 03:00:00,2025-02-12 18:00:00,win,103.0,51.5,-0.005,Brasileirao,1.51-2.00
B000247,M00178,Quant_Value,Betano,BTTS_YES,YES,1.13,1.11,58.98,2025-02-12 03:00:00,2025-02-14 22:00:00,loss,0.0,-58.98,0.018,Serie A,1.01-1.50
B000240,M00173,League_Specialist,Bet365,MONEYLINE_HOME,HOME,17.21,17.71,89.31,2025-02-12 11:00:00,2025-02-13 19:00:00,loss,0.0,-89.31,-0.0282,Premier League,nan
B000238,M00172,Aggressive_Momentum,Pinnacle,BTTS_YES,YES,1.08,1.12,187.49,2025-02-13 07:00:00,2025-02-13 22:00:00,loss,0.0,-187.49,-0.0357,Serie A,1.01-1.50
B000255,M00184,Quant_Value,Pinnacle,OVER_2_5,YES,2.15,2.0,71.59,2025-02-13 18:00:00,2025-02-16 17:00:00,loss,0.0,-71.59,0.075,Brasileirao,2.01-2.50
B000250,M00179,League_Specialist,Betano,MONEYLINE_HOME,HOME,6.72,6.82,111.48,2025-02-13 22:00:00,2025-02-14 21:00:00,loss,0.0,-111.48,-0.0147,Premier League,3.01+
B000248,M00178,Aggressive_Momentum,1xBet,MONEYLINE_HOME,HOME,2.55,2.51,179.82,2025-02-14 00:00:00,2025-02-14 22:00:00,loss,0.0,-179.82,0.0159,Serie A,2.51-3.00
B000246,M00177,Quant_Value,Pinnacle,MONEYLINE_HOME,HOME,1.8,1.84,59.86,2025-02-14 02:00:00,2025-02-15 01:00:00,win,107.75,47.89,-0.0217,Brasileirao,1.51-2.00
B000262,M00187,League_Specialist,1xBet,MONEYLINE_HOME,HOME,3.05,2.99,115.52,2025-02-14 06:00:00,2025-02-17 01:00:00,loss,0.0,-115.52,0.0201,Brasileirao,3.01+
B000259,M00185,Aggressive_Momentum,Stake,MONEYLINE_HOME,HOME,2.7,2.65,131.38,2025-02-14 08:00:00,2025-02-16 18:00:00,loss,0.0,-131.38,0.0189,Serie A,2.51-3.00
B000263,M00187,Aggressive_Momentum,Pinnacle,BTTS_YES,YES,1.07,1.11,165.59,2025-02-14 09:00:00,2025-02-17 01:00:00,win,177.18,11.59,-0.036,Brasileirao,1.01-1.50
B000260,M00186,League_Specialist,Bet365,MONEYLINE_HOME,HOME,2.45,2.53,65.47,2025-02-14 11:00:00,2025-02-16 21:00:00,loss,0.0,-65.47,-0.0316,La Liga,2.01-2.50
B000253,M00182,League_Specialist,Stake,OVER_2_5,YES,1.83,1.75,130.4,2025-02-14 18:00:00,2025-02-15 17:00:00,loss,0.0,-130.4,0.0457,Brasileirao,1.51-2.00
B000251,M00180,League_Specialist,Bet365,MONEYLINE_HOME,HOME,1.64,1.61,76.94,2025-02-15 00:00:00,2025-02-16 00:00:00,loss,0.0,-76.94,0.0186,Serie A,1.51-2.00
B000258,M00185,League_Specialist,1xBet,MONEYLINE_HOME,HOME,2.54,2.58,74.51,2025-02-15 06:00:00,2025-02-16 18:00:00,loss,0.0,-74.51,-0.0155,Serie A,2.51-3.00
B000270,M00192,Aggressive_Momentum,Pinnacle,OVER_2_5,YES,1.94,1.92,145.48,2025-02-15 06:00:00,2025-02-18 22:00:00,loss,0.0,-145.48,0.0104,La Liga,1.51-2.00
B000261,M00186,Aggressive_Momentum,Stake,OVER_2_5,YES,1.89,1.96,133.02,2025-02-15 07:00:00,2025-02-16 21:00:00,loss,0.0,-133.02,-0.0357,La Liga,1.51-2.00
B000256,M00184,Aggressive_Momentum,Stake,MONEYLINE_HOME,HOME,4.22,4.21,159.25,2025-02-15 08:00:00,2025-02-16 17:00:00,loss,0.0,-159.25,0.0024,Brasileirao,3.01+
B000252,M00181,League_Specialist,Betano,MONEYLINE_HOME,HOME,1.26,1.2,73.59,2025-02-15 11:00:00,2025-02-16 01:00:00,loss,0.0,-73.59,0.05,La Liga,1.01-1.50
B000269,M00191,Quant_Value,Bet365,MONEYLINE_HOME,HOME,3.96,3.94,106.39,2025-02-15 16:00:00,2025-02-17 20:00:00,loss,0.0,-106.39,0.0051,Serie A,3.01+
B000267,M00189,Aggressive_Momentum,Stake,BTTS_YES,YES,1.16,1.14,117.04,2025-02-15 18:00:00,2025-02-17 23:00:00,loss,0.0,-117.04,0.0175,Premier League,1.01-1.50
B000266,M00189,Quant_Value,Stake,MONEYLINE_HOME,HOME,2.19,2.21,50.7,2025-02-16 00:00:00,2025-02-17 23:00:00,loss,0.0,-50.7,-0.009,Premier League,2.01-2.50
B000271,M00194,Quant_Value,Betano,BTTS_YES,YES,1.37,1.31,80.11,2025-02-16 00:00:00,2025-02-18 18:00:00,win,109.75,29.64,0.0458,La Liga,1.01-1.50
B000257,M00185,Quant_Value,Bet365,OVER_2_5,YES,2.01,1.98,84.84,2025-02-16 02:00:00,2025-02-16 18:00:00,win,170.53,85.69,0.0152,Serie A,2.01-2.50
B000264,M00188,Quant_Value,Betano,DNB_HOME,HOME,4.71,4.54,48.85,2025-02-16 10:00:00,2025-02-17 22:00:00,loss,0.0,-48.85,0.0374,La Liga,3.01+
B000268,M00190,League_Specialist,Bet365,DNB_HOME,HOME,3.24,3.21,82.17,2025-02-16 22:00:00,2025-02-17 20:00:00,loss,0.0,-82.17,0.0093,Premier League,3.01+
B000279,M00203,League_Specialist,Bet365,MONEYLINE_HOME,HOME,1.14,1.13,54.68,2025-02-17 06:00:00,2025-02-20 21:00:00,loss,0.0,-54.68,0.0088,Premier League,1.01-1.50
B000265,M00188,League_Specialist,Bet365,OVER_2_5,YES,2.02,2.03,103.64,2025-02-17 08:00:00,2025-02-17 22:00:00,win,209.35,105.71,-0.0049,La Liga,2.01-2.50
B000273,M00197,Quant_Value,Betano,MONEYLINE_HOME,HOME,1.35,1.36,83.74,2025-02-17 12:00:00,2025-02-20 01:00:00,loss,0.0,-83.74,-0.0074,Serie A,1.01-1.50
B000272,M00195,League_Specialist,1xBet,MONEYLINE_HOME,HOME,2.27,2.27,109.1,2025-02-17 15:00:00,2025-02-18 19:00:00,loss,0.0,-109.1,0.0,Brasileirao,2.01-2.50
B000277,M00202,Quant_Value,Stake,OVER_2_5,YES,2.11,1.96,110.68,2025-02-17 19:00:00,2025-02-20 23:00:00,win,233.53,122.85,0.0765,La Liga,2.01-2.50
B000284,M00206,Quant_Value,Betano,MONEYLINE_HOME,HOME,4.16,4.1,81.42,2025-02-17 20:00:00,2025-02-21 21:00:00,loss,0.0,-81.42,0.0146,Brasileirao,3.01+
B000275,M00199,Aggressive_Momentum,Betano,OVER_2_5,YES,1.8,1.83,64.96,2025-02-18 03:00:00,2025-02-19 23:00:00,loss,0.0,-64.96,-0.0164,Premier League,1.51-2.00
B000276,M00200,Aggressive_Momentum,Bet365,OVER_2_5,YES,1.88,2.03,59.21,2025-02-18 10:00:00,2025-02-20 22:00:00,win,111.31,52.1,-0.0739,Brasileirao,1.51-2.00
B000274,M00197,League_Specialist,Pinnacle,DNB_HOME,HOME,1.09,1.08,83.62,2025-02-18 11:00:00,2025-02-20 01:00:00,push,83.62,0.0,0.0093,Serie A,1.01-1.50
B000283,M00205,Aggressive_Momentum,1xBet,BTTS_YES,YES,1.35,1.31,152.25,2025-02-18 14:00:00,2025-02-21 21:00:00,loss,0.0,-152.25,0.0305,Brasileirao,1.01-1.50
B000280,M00203,Aggressive_Momentum,Betano,OVER_2_5,YES,1.65,1.6,63.64,2025-02-18 18:00:00,2025-02-20 21:00:00,loss,0.0,-63.64,0.0312,Premier League,1.51-2.00
B000290,M00211,League_Specialist,1xBet,DNB_HOME,HOME,1.35,1.27,101.2,2025-02-19 10:00:00,2025-02-23 01:00:00,win,136.62,35.42,0.063,Premier League,1.01-1.50
B000281,M00204,Aggressive_Momentum,1xBet,BTTS_YES,YES,1.3,1.28,164.12,2025-02-19 15:00:00,2025-02-21 20:00:00,win,213.36,49.24,0.0156,Brasileirao,1.01-1.50
B000285,M00206,Aggressive_Momentum,Pinnacle,MONEYLINE_HOME,HOME,4.1,4.23,131.41,2025-02-19 16:00:00,2025-02-21 21:00:00,loss,0.0,-131.41,-0.0307,Brasileirao,3.01+
B000278,M00202,Aggressive_Momentum,1xBet,OVER_2_5,YES,1.96,2.0,164.25,2025-02-20 06:00:00,2025-02-20 23:00:00,win,321.93,157.68,-0.02,La Liga,1.51-2.00
B000282,M00205,Quant_Value,Bet365,OVER_2_5,YES,1.92,1.81,74.25,2025-02-20 08:00:00,2025-02-21 21:00:00,loss,0.0,-74.25,0.0608,Brasileirao,1.51-2.00
B000293,M00212,Aggressive_Momentum,1xBet,OVER_2_5,YES,2.18,2.14,171.71,2025-02-20 10:00:00,2025-02-24 01:00:00,loss,0.0,-171.71,0.0187,Premier League,2.01-2.50
B000289,M00211,Quant_Value,Pinnacle,OVER_2_5,YES,1.82,1.84,78.66,2025-02-20 14:00:00,2025-02-23 01:00:00,win,143.16,64.5,-0.0109,Premier League,1.51-2.00
B000292,M00212,League_Specialist,Bet365,OVER_2_5,YES,2.1,2.13,75.51,2025-02-20 22:00:00,2025-02-24 01:00:00,loss,0.0,-75.51,-0.0141,Premier League,2.01-2.50
B000288,M00210,Aggressive_Momentum,1xBet,MONEYLINE_HOME,HOME,2.38,2.38,127.47,2025-02-21 05:00:00,2025-02-22 17:00:00,win,303.38,175.91,0.0,La Liga,2.01-2.50
B000297,M00217,Aggressive_Momentum,Bet365,BTTS_YES,YES,1.19,1.21,92.83,2025-02-21 05:00:00,2025-02-25 00:00:00,loss,0.0,-92.83,-0.0165,Brasileirao,1.01-1.50
B000287,M00210,League_Specialist,Bet365,MONEYLINE_HOME,HOME,2.36,2.29,60.24,2025-02-21 11:00:00,2025-02-22 17:00:00,win,142.17,81.93,0.0306,La Liga,2.01-2.50
B000305,M00223,Quant_Value,Betano,BTTS_YES,YES,1.66,1.7,71.92,2025-02-22 00:00:00,2025-02-25 18:00:00,win,119.39,47.47,-0.0235,Premier League,1.51-2.00
B000291,M00211,Aggressive_Momentum,Pinnacle,BTTS_YES,YES,1.17,1.25,178.86,2025-02-22 02:00:00,2025-02-23 01:00:00,win,209.27,30.41,-0.064,Premier League,1.01-1.50
B000298,M00218,Quant_Value,Pinnacle,OVER_2_5,YES,2.03,1.97,87.03,2025-02-22 02:00:00,2025-02-24 20:00:00,loss,0.0,-87.03,0.0305,Brasileirao,2.01-2.50
B000300,M00218,Aggressive_Momentum,1xBet,BTTS_YES,YES,1.13,1.11,161.89,2025-02-22 04:00:00,2025-02-24 20:00:00,win,182.94,21.05,0.018,Brasileirao,1.01-1.50
B000286,M00209,Aggressive_Momentum,Bet365,OVER_2_5,YES,1.73,1.84,162.44,2025-02-22 10:00:00,2025-02-22 23:00:00,loss,0.0,-162.44,-0.0598,Serie A,1.51-2.00
B000294,M00214,Aggressive_Momentum,Bet365,DNB_HOME,HOME,1.06,1.06,159.86,2025-02-22 15:00:00,2025-02-23 21:00:00,win,169.45,9.59,0.0,La Liga,1.01-1.50
B000296,M00215,Aggressive_Momentum,Betano,OVER_2_5,YES,2.11,2.1,149.85,2025-02-22 17:00:00,2025-02-24 00:00:00,loss,0.0,-149.85,0.0048,Premier League,2.01-2.50
B000311,M00227,Aggressive_Momentum,Bet365,OVER_2_5,YES,2.01,1.93,141.03,2025-02-22 17:00:00,2025-02-26 18:00:00,loss,0.0,-141.03,0.0415,Premier League,2.01-2.50
B000295,M00215,League_Specialist,Stake,MONEYLINE_HOME,HOME,5.61,5.83,90.24,2025-02-23 09:00:00,2025-02-24 00:00:00,loss,0.0,-90.24,-0.0377,Premier League,3.01+
B000307,M00224,Aggressive_Momentum,Pinnacle,BTTS_YES,YES,1.15,1.15,184.61,2025-02-23 09:00:00,2025-02-26 18:00:00,win,212.3,27.69,0.0,Brasileirao,1.01-1.50
B000299,M00218,League_Specialist,Bet365,MONEYLINE_HOME,HOME,3.35,3.24,101.12,2025-02-23 18:00:00,2025-02-24 20:00:00,loss,0.0,-101.12,0.034,Brasileirao,3.01+
B000301,M00220,Aggressive_Momentum,1xBet,BTTS_YES,YES,1.46,1.43,104.56,2025-02-23 20:00:00,2025-02-25 17:00:00,loss,0.0,-104.56,0.021,Serie A,1.01-1.50
B000304,M00222,Aggressive_Momentum,Pinnacle,OVER_2_5,YES,1.78,1.78,65.17,2025-02-24 12:00:00,2025-02-25 19:00:00,loss,0.0,-65.17,0.0,Serie A,1.51-2.00
B000302,M00222,Quant_Value,Bet365,OVER_2_5,YES,1.84,1.76,88.51,2025-02-24 16:00:00,2025-02-25 19:00:00,loss,0.0,-88.51,0.0455,Serie A,1.51-2.00
B000308,M00226,League_Specialist,1xBet,DNB_HOME,HOME,1.25,1.24,97.4,2025-02-24 17:00:00,2025-02-27 00:00:00,win,121.75,24.35,0.0081,La Liga,1.01-1.50
B000321,M00233,League_Specialist,Stake,BTTS_YES,YES,1.23,1.21,83.65,2025-02-25 06:00:00,2025-02-28 23:00:00,loss,0.0,-83.65,0.0165,Brasileirao,1.01-1.50
B000310,M00227,Quant_Value,Stake,DNB_HOME,HOME,2.21,2.25,87.85,2025-02-25 08:00:00,2025-02-26 18:00:00,push,87.85,0.0,-0.0178,Premier League,2.01-2.50
B000316,M00230,League_Specialist,Bet365,MONEYLINE_HOME,HOME,1.57,1.54,98.08,2025-02-25 08:00:00,2025-02-27 23:00:00,win,153.99,55.91,0.0195,La Liga,1.51-2.00
B000303,M00222,League_Specialist,Stake,OVER_2_5,YES,1.85,1.77,66.59,2025-02-25 09:00:00,2025-02-25 19:00:00,loss,0.0,-66.59,0.0452,Serie A,1.51-2.00
B000318,M00231,Aggressive_Momentum,Bet365,BTTS_YES,YES,1.11,1.11,154.61,2025-02-25 09:00:00,2025-02-27 18:00:00,win,171.62,17.01,0.0,Serie A,1.01-1.50
B000309,M00226,Aggressive_Momentum,Betano,MONEYLINE_HOME,HOME,1.71,1.59,160.32,2025-02-25 10:00:00,2025-02-27 00:00:00,win,274.15,113.83,0.0755,La Liga,1.51-2.00
B000320,M00232,Aggressive_Momentum,Bet365,BTTS_YES,YES,1.18,1.21,121.62,2025-02-25 12:00:00,2025-03-01 00:00:00,win,143.51,21.89,-0.0248,Brasileirao,1.01-1.50
B000317,M00230,Aggressive_Momentum,Bet365,OVER_2_5,YES,1.86,1.83,157.65,2025-02-25 14:00:00,2025-02-27 23:00:00,win,293.23,135.58,0.0164,La Liga,1.51-2.00
B000306,M00224,Quant_Value,Betano,MONEYLINE_HOME,HOME,1.96,1.94,65.52,2025-02-25 17:00:00,2025-02-26 18:00:00,loss,0.0,-65.52,0.0103,Brasileirao,1.51-2.00
B000314,M00229,Quant_Value,Pinnacle,MONEYLINE_HOME,HOME,1.37,1.28,63.54,2025-02-25 18:00:00,2025-02-27 20:00:00,win,87.05,23.51,0.0703,Serie A,1.01-1.50
B000323,M00235,Quant_Value,Pinnacle,OVER_2_5,YES,2.11,2.09,69.28,2025-02-26 02:00:00,2025-02-28 17:00:00,loss,0.0,-69.28,0.0096,Premier League,2.01-2.50
B000315,M00229,Aggressive_Momentum,Pinnacle,OVER_2_5,YES,1.69,1.79,215.62,2025-02-26 15:00:00,2025-02-27 20:00:00,loss,0.0,-215.62,-0.0559,Serie A,1.51-2.00
B000313,M00228,Aggressive_Momentum,1xBet,MONEYLINE_HOME,HOME,1.72,1.73,95.66,2025-02-26 21:00:00,2025-02-27 23:00:00,win,164.54,68.88,-0.0058,La Liga,1.51-2.00
B000324,M00239,League_Specialist,Pinnacle,MONEYLINE_HOME,HOME,1.54,1.51,111.65,2025-02-26 23:00:00,2025-03-01 21:00:00,loss,0.0,-111.65,0.0199,Brasileirao,1.51-2.00
B000312,M00228,League_Specialist,Pinnacle,OVER_2_5,YES,1.83,1.8,77.78,2025-02-27 03:00:00,2025-02-27 23:00:00,loss,0.0,-77.78,0.0167,La Liga,1.51-2.00
B000319,M00232,Quant_Value,Bet365,MONEYLINE_HOME,HOME,1.75,1.76,92.7,2025-02-27 07:00:00,2025-03-01 00:00:00,loss,0.0,-92.7,-0.0057,Brasileirao,1.51-2.00
B000334,M00245,Aggressive_Momentum,1xBet,DNB_HOME,HOME,3.04,3.18,94.15,2025-02-28 06:00:00,2025-03-03 21:00:00,win,286.22,192.07,-0.044,Premier League,3.01+
B000327,M00240,League_Specialist,Pinnacle,DNB_HOME,HOME,1.09,1.05,91.95,2025-02-28 09:00:00,2025-03-02 19:00:00,win,100.23,8.28,0.0381,Premier League,1.01-1.50
B000335,M00246,Quant_Value,Stake,OVER_2_5,YES,1.94,1.84,76.43,2025-02-28 11:00:00,2025-03-04 00:00:00,win,148.27,71.84,0.0543,La Liga,1.51-2.00
B000322,M00233,Aggressive_Momentum,Pinnacle,MONEYLINE_HOME,HOME,1.79,1.83,82.13,2025-02-28 13:00:00,2025-02-28 23:00:00,loss,0.0,-82.13,-0.0219,Brasileirao,1.51-2.00
B000326,M00240,Quant_Value,1xBet,OVER_2_5,YES,1.6,1.61,27.98,2025-02-28 18:00:00,2025-03-02 19:00:00,win,44.77,16.79,-0.0062,Premier League,1.51-2.00
B000337,M00246,Aggressive_Momentum,Stake,DNB_HOME,HOME,1.28,1.27,94.88,2025-03-01 10:00:00,2025-03-04 00:00:00,win,121.45,26.57,0.0079,La Liga,1.01-1.50
B000325,M00239,Aggressive_Momentum,Pinnacle,OVER_2_5,YES,1.81,1.77,107.18,2025-03-01 13:00:00,2025-03-01 21:00:00,loss,0.0,-107.18,0.0226,Brasileirao,1.51-2.00
B000332,M00243,Aggressive_Momentum,Betano,OVER_2_5,YES,1.93,1.98,178.4,2025-03-01 13:00:00,2025-03-02 20:00:00,loss,0.0,-178.4,-0.0253,Premier League,1.51-2.00
B000340,M00248,Aggressive_Momentum,Bet365,BTTS_YES,YES,1.44,1.4,154.66,2025-03-01 13:00:00,2025-03-05 00:00:00,win,222.71,68.05,0.0286,Serie A,1.01-1.50
B000341,M00249,Quant_Value,Betano,OVER_2_5,YES,1.62,1.63,56.13,2025-03-01 15:00:00,2025-03-05 00:00:00,loss,0.0,-56.13,-0.0061,Premier League,1.51-2.00
B000331,M00242,League_Specialist,Pinnacle,OVER_2_5,YES,1.84,1.78,65.0,2025-03-01 21:00:00,2025-03-02 21:00:00,loss,0.0,-65.0,0.0337,Premier League,1.51-2.00
B000349,M00254,Aggressive_Momentum,Stake,OVER_2_5,YES,1.8,1.92,194.29,2025-03-02 00:00:00,2025-03-05 17:00:00,loss,0.0,-194.29,-0.0625,La Liga,1.51-2.00
B000350,M00255,Quant_Value,1xBet,DNB_HOME,HOME,3.32,3.16,73.54,2025-03-02 01:00:00,2025-03-05 19:00:00,loss,0.0,-73.54,0.0506,Serie A,3.01+
B000342,M00250,League_Specialist,Bet365,DNB_HOME,HOME,1.2,1.15,46.56,2025-03-02 02:00:00,2025-03-05 00:00:00,push,46.56,0.0,0.0435,Brasileirao,1.01-1.50
B000329,M00241,League_Specialist,Stake,OVER_2_5,YES,1.9,1.93,136.26,2025-03-02 05:00:00,2025-03-02 23:00:00,win,258.89,122.63,-0.0155,Serie A,1.51-2.00
B000330,M00241,Aggressive_Momentum,Stake,BTTS_YES,YES,1.14,1.1,131.04,2025-03-02 06:00:00,2025-03-02 23:00:00,loss,0.0,-131.04,0.0364,Serie A,1.01-1.50
B000328,M00241,Quant_Value,Bet365,OVER_2_5,YES,2.02,1.95,89.72,2025-03-02 08:00:00,2025-03-02 23:00:00,win,181.23,91.51,0.0359,Serie A,2.01-2.50
B000339,M00248,Quant_Value,Stake,BTTS_YES,YES,1.39,1.42,62.59,2025-03-02 15:00:00,2025-03-05 00:00:00,win,87.0,24.41,-0.0211,Serie A,1.01-1.50
B000353,M00257,Quant_Value,Betano,BTTS_YES,YES,1.19,1.17,66.5,2025-03-02 23:00:00,2025-03-06 22:00:00,loss,0.0,-66.5,0.0171,Brasileirao,1.01-1.50
B000338,M00247,Aggressive_Momentum,Bet365,MONEYLINE_HOME,HOME,1.92,1.87,117.98,2025-03-03 01:00:00,2025-03-03 20:00:00,win,226.52,108.54,0.0267,Serie A,1.51-2.00
B000336,M00246,League_Specialist,1xBet,BTTS_YES,YES,1.26,1.23,80.81,2025-03-03 05:00:00,2025-03-04 00:00:00,loss,0.0,-80.81,0.0244,La Liga,1.01-1.50
B000346,M00253,Quant_Value,Stake,OVER_2_5,YES,1.94,1.91,75.0,2025-03-03 05:00:00,2025-03-05 18:00:00,win,145.5,70.5,0.0157,La Liga,1.51-2.00
B000345,M00252,League_Specialist,Pinnacle,BTTS_YES,YES,2.68,2.66,100.35,2025-03-03 06:00:00,2025-03-05 18:00:00,loss,0.0,-100.35,0.0075,Premier League,2.51-3.00
B000333,M00244,Aggressive_Momentum,Bet365,BTTS_YES,YES,1.13,1.13,100.64,2025-03-03 09:00:00,2025-03-03 18:00:00,win,113.72,13.08,0.0,Serie A,1.01-1.50
B000343,M00251,League_Specialist,Pinnacle,OVER_2_5,YES,1.68,1.67,58.22,2025-03-03 13:00:00,2025-03-04 22:00:00,loss,0.0,-58.22,0.006,Premier League,1.51-2.00
B000344,M00252,Quant_Value,Bet365,MONEYLINE_HOME,HOME,1.13,1.08,66.65,2025-03-03 16:00:00,2025-03-05 18:00:00,win,75.31,8.66,0.0463,Premier League,1.01-1.50
B000348,M00254,League_Specialist,Bet365,OVER_2_5,YES,2.01,1.98,66.67,2025-03-03 23:00:00,2025-03-05 17:00:00,loss,0.0,-66.67,0.0152,La Liga,2.01-2.50
B000357,M00261,Quant_Value,Betano,BTTS_YES,YES,2.0,1.86,90.26,2025-03-04 10:00:00,2025-03-07 23:00:00,loss,0.0,-90.26,0.0753,Premier League,1.51-2.00
B000361,M00263,League_Specialist,1xBet,BTTS_YES,YES,1.13,1.09,99.73,2025-03-04 11:00:00,2025-03-07 18:00:00,win,112.69,12.96,0.0367,La Liga,1.01-1.50
B000356,M00260,Quant_Value,Stake,OVER_2_5,YES,1.98,1.88,88.78,2025-03-04 14:00:00,2025-03-07 19:00:00,loss,0.0,-88.78,0.0532,Premier League,1.51-2.00
B000355,M00258,Quant_Value,Pinnacle,OVER_2_5,YES,1.89,1.84,76.19,2025-03-04 21:00:00,2025-03-07 01:00:00,loss,0.0,-76.19,0.0272,La Liga,1.51-2.00
B000351,M00256,League_Specialist,1xBet,DNB_HOME,HOME,1.05,1.05,138.87,2025-03-05 04:00:00,2025-03-07 01:00:00,win,145.81,6.94,0.0,Premier League,1.01-1.50
B000347,M00253,League_Specialist,1xBet,MONEYLINE_HOME,HOME,2.71,2.66,90.95,2025-03-05 06:00:00,2025-03-05 18:00:00,loss,0.0,-90.95,0.0188,La Liga,2.51-3.00
B000363,M00265,Quant_Value,Pinnacle,DNB_HOME,HOME,1.87,1.89,58.49,2025-03-05 10:00:00,2025-03-08 23:00:00,win,109.38,50.89,-0.0106,Brasileirao,1.51-2.00
B000354,M00257,League_Specialist,1xBet,DNB_HOME,HOME,2.9,2.93,108.06,2025-03-05 13:00:00,2025-03-06 22:00:00,loss,0.0,-108.06,-0.0102,Brasileirao,2.51-3.00
B000358,M00261,League_Specialist,1xBet,DNB_HOME,HOME,15.96,15.65,36.04,2025-03-05 19:00:00,2025-03-07 23:00:00,loss,0.0,-36.04,0.0198,Premier League,nan
B000366,M00266,Quant_Value,Pinnacle,MONEYLINE_HOME,HOME,4.32,4.03,48.02,2025-03-05 21:00:00,2025-03-08 19:00:00,loss,0.0,-48.02,0.072,Premier League,3.01+
B000352,M00256,Aggressive_Momentum,Betano,MONEYLINE_HOME,HOME,1.11,1.2,163.91,2025-03-06 03:00:00,2025-03-07 01:00:00,win,181.94,18.03,-0.075,Premier League,1.01-1.50
B000365,M00265,Aggressive_Momentum,1xBet,DNB_HOME,HOME,1.72,1.83,93.03,2025-03-06 06:00:00,2025-03-08 23:00:00,win,160.01,66.98,-0.0601,Brasileirao,1.51-2.00
B000369,M00267,Aggressive_Momentum,Betano,MONEYLINE_HOME,HOME,1.69,1.67,86.01,2025-03-06 12:00:00,2025-03-09 00:00:00,loss,0.0,-86.01,0.012,Premier League,1.51-2.00
B000359,M00261,Aggressive_Momentum,Betano,BTTS_YES,YES,1.88,1.87,130.68,2025-03-06 14:00:00,2025-03-07 23:00:00,loss,0.0,-130.68,0.0053,Premier League,1.51-2.00
B000368,M00266,Aggressive_Momentum,Stake,OVER_2_5,YES,2.01,1.99,130.74,2025-03-06 18:00:00,2025-03-08 19:00:00,loss,0.0,-130.74,0.0101,Premier League,2.01-2.50
B000362,M00264,Quant_Value,Stake,DNB_HOME,HOME,1.12,1.13,80.82,2025-03-06 23:00:00,2025-03-08 22:00:00,win,90.52,9.7,-0.0088,La Liga,1.01-1.50
B000360,M00262,Quant_Value,Pinnacle,BTTS_YES,YES,1.4,1.38,94.55,2025-03-07 01:00:00,2025-03-07 23:00:00,win,132.37,37.82,0.0145,Serie A,1.01-1.50
B000383,M00279,Aggressive_Momentum,Pinnacle,MONEYLINE_HOME,HOME,1.8,1.82,120.53,2025-03-07 22:00:00,2025-03-11 19:00:00,win,216.95,96.42,-0.011,Brasileirao,1.51-2.00
B000371,M00269,Aggressive_Momentum,Betano,BTTS_YES,YES,1.15,1.17,146.37,2025-03-07 23:00:00,2025-03-09 19:00:00,loss,0.0,-146.37,-0.0171,Brasileirao,1.01-1.50
B000374,M00272,Quant_Value,Bet365,MONEYLINE_HOME,HOME,1.36,1.27,81.99,2025-03-08 02:00:00,2025-03-10 19:00:00,loss,0.0,-81.99,0.0709,Serie A,1.01-1.50
B000364,M00265,League_Specialist,Betano,MONEYLINE_HOME,HOME,2.41,2.44,92.28,2025-03-08 03:00:00,2025-03-08 23:00:00,win,222.39,130.11,-0.0123,Brasileirao,2.01-2.50
B000380,M00278,Quant_Value,1xBet,BTTS_YES,YES,1.33,1.34,64.5,2025-03-08 05:00:00,2025-03-11 22:00:00,loss,0.0,-64.5,-0.0075,Serie A,1.01-1.50
B000377,M00273,Aggressive_Momentum,Betano,MONEYLINE_HOME,HOME,2.74,2.68,144.94,2025-03-08 06:00:00,2025-03-11 01:00:00,loss,0.0,-144.94,0.0224,La Liga,2.51-3.00
B000367,M00266,League_Specialist,Betano,OVER_2_5,YES,1.99,2.04,107.26,2025-03-08 08:00:00,2025-03-08 19:00:00,loss,0.0,-107.26,-0.0245,Premier League,1.51-2.00
B000376,M00272,Aggressive_Momentum,Bet365,MONEYLINE_HOME,HOME,1.13,1.26,93.46,2025-03-08 12:00:00,2025-03-10 19:00:00,loss,0.0,-93.46,-0.1032,Serie A,1.01-1.50
B000372,M00270,Quant_Value,Betano,OVER_2_5,YES,1.78,1.73,88.63,2025-03-08 21:00:00,2025-03-09 20:00:00,loss,0.0,-88.63,0.0289,Brasileirao,1.51-2.00
B000370,M00268,League_Specialist,Betano,MONEYLINE_HOME,HOME,2.56,2.5,87.44,2025-03-08 23:00:00,2025-03-09 18:00:00,win,223.85,136.41,0.024,Brasileirao,2.51-3.00
B000373,M00271,Aggressive_Momentum,1xBet,OVER_2_5,YES,1.96,2.0,133.42,2025-03-09 06:00:00,2025-03-09 20:00:00,loss,0.0,-133.42,-0.02,Serie A,1.51-2.00
B000379,M00275,Quant_Value,Betano,DNB_HOME,HOME,3.26,3.29,55.28,2025-03-09 07:00:00,2025-03-10 19:00:00,loss,0.0,-55.28,-0.0091,Brasileirao,3.01+
B000378,M00274,Quant_Value,1xBet,MONEYLINE_HOME,HOME,1.42,1.42,120.37,2025-03-09 09:00:00,2025-03-10 17:00:00,win,170.93,50.56,0.0,Serie A,1.01-1.50
B000384,M00280,Quant_Value,Stake,OVER_2_5,YES,1.55,1.59,107.13,2025-03-10 07:00:00,2025-03-13 00:00:00,win,166.05,58.92,-0.0252,Premier League,1.51-2.00
B000375,M00272,League_Specialist,Bet365,MONEYLINE_HOME,HOME,1.21,1.26,50.87,2025-03-10 08:00:00,2025-03-10 19:00:00,loss,0.0,-50.87,-0.0397,Serie A,1.01-1.50
B000382,M00279,Quant_Value,Betano,BTTS_YES,YES,1.28,1.18,34.67,2025-03-10 23:00:00,2025-03-11 19:00:00,loss,0.0,-34.67,0.0847,Brasileirao,1.01-1.50
B000381,M00278,Aggressive_Momentum,Stake,BTTS_YES,YES,1.25,1.38,98.27,2025-03-11 08:00:00,2025-03-11 22:00:00,loss,0.0,-98.27,-0.0942,Serie A,1.01-1.50
B000385,M00280,Aggressive_Momentum,1xBet,OVER_2_5,YES,1.56,1.57,230.01,2025-03-11 21:00:00,2025-03-13 00:00:00,win,358.82,128.81,-0.0064,Premier League,1.51-2.00
