bet_id,match_id,strategy,bookmaker,market,selection,captured_odds,closing_odds,stake,placed_ts,settled_ts,result,payout,pnl,clv,league
B000004,M00003,League_Specialist,Bet365,DNB_HOME,HOME,1.33,1.33,75.48,2024-08-13 16:00:00,2024-08-16 22:00:00,win,100.39,24.91,0.0,Premier League
B000006,M00004,Quant_Value,Pinnacle,DNB_HOME,HOME,3.76,3.59,65.35,2024-08-14 10:30:00,2024-08-17 14:30:00,loss,0.0,-65.35,0.0474,Premier League
B000002,M00002,Aggressive_Momentum,Betano,BTTS_YES,YES,1.21,1.24,97.77,2024-08-14 20:00:00,2024-08-16 20:00:00,win,118.3,20.53,-0.0242,La Liga
B000005,M00003,Aggressive_Momentum,Pinnacle,DNB_HOME,HOME,1.36,1.36,106.66,2024-08-14 21:00:00,2024-08-16 22:00:00,win,145.06,38.4,0.0,Premier League
B000017,M00012,League_Specialist,1xBet,OVER_2_5,YES,1.82,1.81,94.15,2024-08-15 02:00:00,2024-08-18 16:00:00,win,171.35,77.2,0.0055,Premier League
B000015,M00011,Aggressive_Momentum,Bet365,BTTS_YES,YES,1.48,1.48,143.0,2024-08-15 03:30:00,2024-08-17 22:30:00,win,211.64,68.64,0.0,La Liga
B000010,M00007,Aggressive_Momentum,Betano,MONEYLINE_HOME,HOME,3.0,3.04,129.85,2024-08-15 11:00:00,2024-08-17 17:00:00,loss,0.0,-129.85,-0.0132,Premier League
B000022,M00017,Aggressive_Momentum,Bet365,MONEYLINE_HOME,HOME,2.78,3.0,95.45,2024-08-15 12:30:00,2024-08-18 22:30:00,loss,0.0,-95.45,-0.0733,La Liga
B000009,M00006,Quant_Value,Betano,DNB_HOME,HOME,1.38,1.3,96.95,2024-08-15 14:00:00,2024-08-17 17:00:00,push,96.95,0.0,0.0615,Premier League
B000019,M00014,Aggressive_Momentum,Pinnacle,BTTS_YES,YES,1.3,1.31,86.44,2024-08-15 19:30:00,2024-08-18 19:30:00,win,112.37,25.93,-0.0076,Serie A
B000014,M00010,League_Specialist,Bet365,MONEYLINE_HOME,HOME,1.52,1.47,114.74,2024-08-15 22:45:00,2024-08-17 21:45:00,loss,0.0,-114.74,0.034,Serie A
B000020,M00015,Quant_Value,Betano,OVER_2_5,YES,1.94,1.87,53.86,2024-08-16 02:45:00,2024-08-18 21:45:00,loss,0.0,-53.86,0.0374,Serie A
B000001,M00002,Quant_Value,Pinnacle,MONEYLINE_HOME,HOME,1.72,1.63,57.49,2024-08-16 04:00:00,2024-08-16 20:00:00,win,98.88,41.39,0.0552,La Liga
B000003,M00003,Quant_Value,Bet365,MONEYLINE_HOME,HOME,1.8,1.71,50.51,2024-08-16 04:00:00,2024-08-16 22:00:00,win,90.92,40.41,0.0526,Premier League
B000021,M00015,League_Specialist,Pinnacle,OVER_2_5,YES,2.01,1.95,85.02,2024-08-16 04:45:00,2024-08-18 21:45:00,loss,0.0,-85.02,0.0308,Serie A
B000023,M00019,Aggressive_Momentum,Stake,BTTS_YES,YES,1.22,1.16,63.95,2024-08-16 06:00:00,2024-08-19 20:00:00,loss,0.0,-63.95,0.0517,La Liga
B000013,M00010,Quant_Value,1xBet,DNB_HOME,HOME,1.23,1.18,54.52,2024-08-16 11:45:00,2024-08-17 21:45:00,push,54.52,0.0,0.0424,Serie A
B000012,M00009,Quant_Value,Stake,DNB_HOME,HOME,5.62,5.52,99.06,2024-08-16 15:30:00,2024-08-17 19:30:00,push,99.06,0.0,0.0181,Serie A
B000008,M00005,League_Specialist,1xBet,OVER_2_5,YES,1.76,1.73,49.71,2024-08-16 18:00:00,2024-08-17 17:00:00,loss,0.0,-49.71,0.0173,Premier League
B000011,M00008,League_Specialist,Bet365,OVER_2_5,YES,1.92,1.87,118.89,2024-08-17 02:30:00,2024-08-17 19:30:00,win,228.27,109.38,0.0267,Premier League
B000007,M00005,Quant_Value,1xBet,MONEYLINE_HOME,HOME,1.46,1.37,70.71,2024-08-17 06:00:00,2024-08-17 17:00:00,win,103.24,32.53,0.0657,Premier League
B000024,M00020,Aggressive_Momentum,Betano,MONEYLINE_HOME,HOME,2.16,2.07,72.37,2024-08-17 09:30:00,2024-08-19 22:30:00,loss,0.0,-72.37,0.0435,La Liga
B000016,M00012,Quant_Value,Stake,DNB_HOME,HOME,1.26,1.15,62.13,2024-08-17 11:00:00,2024-08-18 16:00:00,win,78.28,16.15,0.0957,Premier League
B000018,M00013,League_Specialist,Pinnacle,MONEYLINE_HOME,HOME,1.92,1.83,34.9,2024-08-17 14:30:00,2024-08-18 18:30:00,loss,0.0,-34.9,0.0492,Premier League
B000033,M00027,League_Specialist,Stake,OVER_2_5,YES,1.77,1.68,73.48,2024-08-21 05:00:00,2024-08-24 17:00:00,win,130.06,56.58,0.0536,Premier League
B000027,M00021,Aggressive_Momentum,Stake,MONEYLINE_HOME,HOME,1.47,1.52,108.86,2024-08-21 15:00:00,2024-08-23 20:00:00,win,160.02,51.16,-0.0329,La Liga
B000032,M00026,Aggressive_Momentum,Pinnacle,OVER_2_5,YES,1.78,1.73,116.31,2024-08-21 19:30:00,2024-08-24 16:30:00,loss,0.0,-116.31,0.0289,Bundesliga
B000039,M00034,League_Specialist,Pinnacle,MONEYLINE_HOME,HOME,1.58,1.54,112.59,2024-08-21 22:30:00,2024-08-25 18:30:00,loss,0.0,-112.59,0.026,Bundesliga
B000043,M00037,League_Specialist,Pinnacle,DNB_HOME,HOME,1.4,1.34,95.44,2024-08-22 07:30:00,2024-08-25 22:30:00,win,133.62,38.18,0.0448,La Liga
B000030,M00025,League_Specialist,Bet365,OVER_2_5,YES,1.65,1.73,74.79,2024-08-22 10:30:00,2024-08-24 16:30:00,win,123.4,48.61,-0.0462,Bundesliga
B000031,M00026,Quant_Value,Betano,MONEYLINE_HOME,HOME,1.36,1.25,40.46,2024-08-22 13:30:00,2024-08-24 16:30:00,win,55.03,14.57,0.088,Bundesliga
B000038,M00034,Quant_Value,Stake,DNB_HOME,HOME,1.23,1.21,62.64,2024-08-22 14:30:00,2024-08-25 18:30:00,loss,0.0,-62.64,0.0165,Bundesliga
B000028,M00022,Quant_Value,Bet365,MONEYLINE_HOME,HOME,2.08,1.98,52.79,2024-08-22 15:30:00,2024-08-23 21:30:00,loss,0.0,-52.79,0.0505,Bundesliga
B000040,M00036,Quant_Value,Pinnacle,DNB_HOME,HOME,1.54,1.46,102.24,2024-08-22 20:15:00,2024-08-25 20:15:00,push,102.24,0.0,0.0548,La Liga
B000026,M00021,League_Specialist,Pinnacle,MONEYLINE_HOME,HOME,1.65,1.58,102.28,2024-08-22 21:00:00,2024-08-23 20:00:00,win,168.76,66.48,0.0443,La Liga
B000025,M00021,Quant_Value,Betano,DNB_HOME,HOME,1.26,1.22,43.0,2024-08-22 22:00:00,2024-08-23 20:00:00,win,54.18,11.18,0.0328,La Liga
B000041,M00036,Aggressive_Momentum,Pinnacle,OVER_2_5,YES,1.99,1.93,55.14,2024-08-22 23:15:00,2024-08-25 20:15:00,loss,0.0,-55.14,0.0311,La Liga
B000034,M00028,Quant_Value,Pinnacle,BTTS_YES,YES,1.33,1.29,83.74,2024-08-23 15:00:00,2024-08-24 17:00:00,win,111.37,27.63,0.031,Premier League
B000042,M00037,Quant_Value,Bet365,OVER_2_5,YES,1.97,1.87,69.42,2024-08-23 23:30:00,2024-08-25 22:30:00,win,136.76,67.34,0.0535,La Liga
B000035,M00028,League_Specialist,Betano,BTTS_YES,YES,1.31,1.27,54.22,2024-08-24 02:00:00,2024-08-24 17:00:00,win,71.03,16.81,0.0315,Premier League
B000029,M00023,Quant_Value,Pinnacle,BTTS_YES,YES,1.21,1.23,79.84,2024-08-24 02:30:00,2024-08-24 14:30:00,win,96.61,16.77,-0.0163,Premier League
B000045,M00039,Quant_Value,Bet365,DNB_HOME,HOME,6.18,5.96,78.27,2024-08-24 02:45:00,2024-08-26 21:45:00,loss,0.0,-78.27,0.0369,Serie A
B000036,M00030,League_Specialist,Pinnacle,OVER_2_5,YES,1.93,1.91,105.42,2024-08-24 03:30:00,2024-08-24 19:30:00,loss,0.0,-105.42,0.0105,Bundesliga
B000050,M00042,Aggressive_Momentum,Bet365,MONEYLINE_HOME,HOME,1.54,1.54,94.7,2024-08-24 20:00:00,2024-08-28 20:00:00,win,145.84,51.14,0.0,La Liga
B000037,M00033,League_Specialist,1xBet,MONEYLINE_HOME,HOME,1.18,1.12,67.44,2024-08-25 03:00:00,2024-08-25 18:00:00,win,79.58,12.14,0.0536,La Liga
B000044,M00038,Aggressive_Momentum,Stake,DNB_HOME,HOME,1.62,1.65,105.51,2024-08-26 09:30:00,2024-08-26 19:30:00,push,105.51,0.0,-0.0182,Serie A
B000046,M00040,Quant_Value,Bet365,DNB_HOME,HOME,1.29,1.25,68.16,2024-08-26 09:30:00,2024-08-26 22:30:00,win,87.93,19.77,0.032,La Liga
B000054,M00044,Aggressive_Momentum,Stake,MONEYLINE_HOME,HOME,1.85,1.9,91.79,2024-08-26 10:30:00,2024-08-28 22:30:00,loss,0.0,-91.79,-0.0263,La Liga
B000055,M00045,League_Specialist,Bet365,OVER_2_5,YES,1.76,1.72,84.08,2024-08-26 12:30:00,2024-08-28 22:30:00,loss,0.0,-84.08,0.0233,La Liga
B000056,M00045,Aggressive_Momentum,Bet365,BTTS_YES,YES,1.51,1.53,172.73,2024-08-26 13:30:00,2024-08-28 22:30:00,loss,0.0,-172.73,-0.0131,La Liga
B000048,M00041,Aggressive_Momentum,Pinnacle,BTTS_YES,YES,1.3,1.28,148.18,2024-08-26 19:00:00,2024-08-27 20:00:00,loss,0.0,-148.18,0.0156,La Liga
B000060,M00049,League_Specialist,Betano,MONEYLINE_HOME,HOME,1.83,1.75,67.69,2024-08-26 23:30:00,2024-08-30 21:30:00,win,123.87,56.18,0.0457,Bundesliga
B000053,M00044,League_Specialist,1xBet,MONEYLINE_HOME,HOME,1.93,1.88,86.91,2024-08-27 00:30:00,2024-08-28 22:30:00,loss,0.0,-86.91,0.0266,La Liga
B000047,M00041,Quant_Value,Pinnacle,MONEYLINE_HOME,HOME,1.69,1.56,66.47,2024-08-27 01:00:00,2024-08-27 20:00:00,loss,0.0,-66.47,0.0833,La Liga
B000052,M00044,Quant_Value,1xBet,OVER_2_5,YES,2.06,1.87,66.11,2024-08-27 02:30:00,2024-08-28 22:30:00,win,136.19,70.08,0.1016,La Liga
B000059,M00049,Quant_Value,1xBet,BTTS_YES,YES,1.28,1.2,53.49,2024-08-27 08:30:00,2024-08-30 21:30:00,loss,0.0,-53.49,0.0667,Bundesliga
B000051,M00043,League_Specialist,Betano,DNB_HOME,HOME,2.4,2.26,72.71,2024-08-27 09:00:00,2024-08-28 20:00:00,push,72.71,0.0,0.0619,La Liga
B000063,M00053,League_Specialist,Bet365,MONEYLINE_HOME,HOME,1.84,1.87,94.02,2024-08-27 23:30:00,2024-08-31 16:30:00,loss,0.0,-94.02,-0.016,Bundesliga
B000064,M00054,Aggressive_Momentum,Stake,MONEYLINE_HOME,HOME,2.15,2.18,92.91,2024-08-28 05:30:00,2024-08-31 16:30:00,loss,0.0,-92.91,-0.0138,Bundesliga
B000049,M00042,League_Specialist,Pinnacle,OVER_2_5,YES,1.74,1.78,100.42,2024-08-28 09:00:00,2024-08-28 20:00:00,loss,0.0,-100.42,-0.0225,La Liga
B000057,M00048,League_Specialist,Bet365,DNB_HOME,HOME,2.32,2.21,103.88,2024-08-28 15:30:00,2024-08-30 19:30:00,loss,0.0,-103.88,0.0498,Serie A
B000070,M00062,Aggressive_Momentum,Stake,BTTS_YES,YES,1.05,1.11,64.13,2024-08-28 19:30:00,2024-08-31 22:30:00,win,67.34,3.21,-0.0541,La Liga
B000079,M00070,Aggressive_Momentum,Stake,OVER_2_5,YES,1.75,1.82,90.41,2024-08-28 23:45:00,2024-09-01 21:45:00,loss,0.0,-90.41,-0.0385,Serie A
B000074,M00067,Aggressive_Momentum,1xBet,OVER_2_5,YES,1.65,1.72,32.44,2024-08-29 03:30:00,2024-09-01 19:30:00,win,53.53,21.09,-0.0407,Serie A
B000080,M00071,League_Specialist,Stake,MONEYLINE_HOME,HOME,1.2,1.26,97.27,2024-08-29 05:30:00,2024-09-01 22:30:00,win,116.72,19.45,-0.0476,La Liga
B000058,M00048,Aggressive_Momentum,Betano,MONEYLINE_HOME,HOME,2.89,2.84,48.72,2024-08-29 05:30:00,2024-08-30 19:30:00,loss,0.0,-48.72,0.0176,Serie A
B000065,M00055,League_Specialist,1xBet,MONEYLINE_HOME,HOME,1.55,1.49,92.24,2024-08-29 09:00:00,2024-08-31 17:00:00,loss,0.0,-92.24,0.0403,Premier League
B000061,M00051,Quant_Value,1xBet,MONEYLINE_HOME,HOME,3.93,3.86,79.37,2024-08-29 09:30:00,2024-08-31 16:30:00,loss,0.0,-79.37,0.0181,Bundesliga
B000066,M00057,Aggressive_Momentum,Stake,OVER_2_5,YES,1.6,1.62,109.36,2024-08-29 11:00:00,2024-08-31 18:00:00,win,174.98,65.62,-0.0123,La Liga
B000062,M00052,Aggressive_Momentum,Stake,OVER_2_5,YES,2.1,2.11,107.23,2024-08-29 21:30:00,2024-08-31 16:30:00,loss,0.0,-107.23,-0.0047,Bundesliga
B000069,M00062,Quant_Value,Stake,BTTS_YES,YES,1.15,1.1,90.78,2024-08-29 23:30:00,2024-08-31 22:30:00,win,104.4,13.62,0.0455,La Liga
B000073,M00067,Quant_Value,Pinnacle,MONEYLINE_HOME,HOME,1.32,1.27,69.3,2024-08-30 04:30:00,2024-09-01 19:30:00,loss,0.0,-69.3,0.0394,Serie A
B000067,M00058,League_Specialist,Bet365,MONEYLINE_HOME,HOME,1.79,1.77,92.07,2024-08-30 18:30:00,2024-08-31 19:30:00,loss,0.0,-92.07,0.0113,Bundesliga
B000076,M00068,Aggressive_Momentum,1xBet,MONEYLINE_HOME,HOME,1.58,1.56,157.48,2024-08-31 05:30:00,2024-09-01 19:30:00,loss,0.0,-157.48,0.0128,Serie A
B000075,M00068,Quant_Value,Stake,DNB_HOME,HOME,1.26,1.22,60.42,2024-08-31 09:30:00,2024-09-01 19:30:00,loss,0.0,-60.42,0.0328,Serie A
B000068,M00058,Aggressive_Momentum,Betano,OVER_2_5,YES,1.8,1.87,105.32,2024-08-31 11:30:00,2024-08-31 19:30:00,win,189.58,84.26,-0.0374,Bundesliga
B000077,M00069,Quant_Value,Betano,MONEYLINE_HOME,HOME,1.56,1.58,67.63,2024-09-01 00:15:00,2024-09-01 20:15:00,loss,0.0,-67.63,-0.0127,La Liga
B000071,M00064,Aggressive_Momentum,1xBet,BTTS_YES,YES,1.36,1.4,115.15,2024-09-01 00:30:00,2024-09-01 15:30:00,win,156.6,41.45,-0.0286,Premier League
B000072,M00065,League_Specialist,Stake,MONEYLINE_HOME,HOME,3.13,3.02,48.68,2024-09-01 06:00:00,2024-09-01 18:00:00,loss,0.0,-48.68,0.0364,Premier League
B000078,M00070,Quant_Value,Pinnacle,MONEYLINE_HOME,HOME,1.77,1.69,51.1,2024-09-01 07:45:00,2024-09-01 21:45:00,win,90.45,39.35,0.0473,Serie A
B000096,M00082,Aggressive_Momentum,Pinnacle,OVER_2_5,YES,1.94,1.96,150.33,2024-09-10 16:15:00,2024-09-14 17:15:00,win,291.64,141.31,-0.0102,La Liga
B000083,M00075,Aggressive_Momentum,Stake,MONEYLINE_HOME,HOME,1.4,1.45,35.03,2024-09-10 18:30:00,2024-09-14 16:30:00,loss,0.0,-35.03,-0.0345,Bundesliga
B000086,M00077,Quant_Value,Betano,MONEYLINE_HOME,HOME,1.95,1.89,45.55,2024-09-11 03:30:00,2024-09-14 16:30:00,loss,0.0,-45.55,0.0317,Bundesliga
B000097,M00083,League_Specialist,Pinnacle,DNB_HOME,HOME,1.05,1.05,76.68,2024-09-11 06:45:00,2024-09-14 21:45:00,win,80.51,3.83,0.0,Serie A
B000087,M00077,League_Specialist,Betano,MONEYLINE_HOME,HOME,1.87,1.82,104.82,2024-09-11 10:30:00,2024-09-14 16:30:00,loss,0.0,-104.82,0.0275,Bundesliga
B000089,M00078,Quant_Value,Stake,OVER_2_5,YES,1.86,1.76,62.0,2024-09-11 16:30:00,2024-09-14 16:30:00,win,115.32,53.32,0.0568,Bundesliga
B000088,M00077,Aggressive_Momentum,Stake,OVER_2_5,YES,1.89,1.89,121.48,2024-09-11 19:30:00,2024-09-14 16:30:00,win,229.6,108.12,0.0,Bundesliga
B000109,M00092,Quant_Value,Pinnacle,OVER_2_5,YES,1.76,1.79,33.66,2024-09-11 20:30:00,2024-09-15 18:30:00,win,59.24,25.58,-0.0168,Bundesliga
B000091,M00080,Quant_Value,Betano,DNB_HOME,HOME,1.35,1.31,50.71,2024-09-12 02:00:00,2024-09-14 17:00:00,push,50.71,0.0,0.0305,Premier League
B000093,M00081,Quant_Value,Pinnacle,BTTS_YES,YES,1.27,1.2,76.84,2024-09-12 03:00:00,2024-09-14 17:00:00,win,97.59,20.75,0.0583,Premier League
B000103,M00089,League_Specialist,1xBet,DNB_HOME,HOME,1.49,1.46,111.4,2024-09-12 03:30:00,2024-09-15 16:30:00,win,165.99,54.59,0.0205,Bundesliga
B000095,M00082,League_Specialist,Pinnacle,DNB_HOME,HOME,1.82,1.76,55.94,2024-09-12 04:15:00,2024-09-14 17:15:00,win,101.81,45.87,0.0341,La Liga
B000081,M00072,Quant_Value,Bet365,MONEYLINE_HOME,HOME,1.51,1.36,71.72,2024-09-12 08:30:00,2024-09-13 21:30:00,win,108.3,36.58,0.1103,Bundesliga
B000084,M00076,Quant_Value,Bet365,OVER_2_5,YES,2.05,1.99,48.51,2024-09-12 10:30:00,2024-09-14 16:30:00,win,99.45,50.94,0.0302,Bundesliga
B000110,M00092,League_Specialist,Bet365,MONEYLINE_HOME,HOME,1.5,1.45,100.85,2024-09-12 14:30:00,2024-09-15 18:30:00,loss,0.0,-100.85,0.0345,Bundesliga
B000102,M00089,Quant_Value,Pinnacle,OVER_2_5,YES,1.96,1.86,89.98,2024-09-12 14:30:00,2024-09-15 16:30:00,win,176.36,86.38,0.0538,Bundesliga
B000092,M00080,League_Specialist,Betano,DNB_HOME,HOME,1.39,1.28,104.99,2024-09-12 17:00:00,2024-09-14 17:00:00,push,104.99,0.0,0.0859,Premier League
B000094,M00081,League_Specialist,1xBet,MONEYLINE_HOME,HOME,1.92,1.89,51.84,2024-09-13 02:00:00,2024-09-14 17:00:00,loss,0.0,-51.84,0.0159,Premier League
B000105,M00090,League_Specialist,Betano,OVER_2_5,YES,2.17,2.05,72.04,2024-09-13 05:15:00,2024-09-15 17:15:00,win,156.33,84.29,0.0585,La Liga
B000100,M00087,Quant_Value,Bet365,BTTS_YES,YES,1.44,1.41,69.98,2024-09-13 10:00:00,2024-09-15 16:00:00,loss,0.0,-69.98,0.0213,Serie A
B000098,M00083,Aggressive_Momentum,Pinnacle,OVER_2_5,YES,1.6,1.71,96.56,2024-09-13 11:45:00,2024-09-14 21:45:00,win,154.5,57.94,-0.0643,Serie A
B000085,M00076,Aggressive_Momentum,Betano,BTTS_YES,YES,1.11,1.13,118.13,2024-09-13 14:30:00,2024-09-14 16:30:00,win,131.12,12.99,-0.0177,Bundesliga
B000099,M00084,League_Specialist,Stake,DNB_HOME,HOME,1.66,1.66,87.58,2024-09-13 16:00:00,2024-09-14 22:00:00,loss,0.0,-87.58,0.0,Premier League
B000106,M00091,Quant_Value,Bet365,MONEYLINE_HOME,HOME,2.08,1.98,71.8,2024-09-13 23:30:00,2024-09-15 18:30:00,loss,0.0,-71.8,0.0505,Premier League
B000082,M00075,League_Specialist,Bet365,OVER_2_5,YES,1.8,1.77,86.91,2024-09-13 23:30:00,2024-09-14 16:30:00,loss,0.0,-86.91,0.0169,Bundesliga
B000104,M00090,Quant_Value,Stake,DNB_HOME,HOME,3.67,3.54,67.1,2024-09-14 00:15:00,2024-09-15 17:15:00,loss,0.0,-67.1,0.0367,La Liga
B000113,M00094,Aggressive_Momentum,Stake,OVER_2_5,YES,1.71,1.74,144.47,2024-09-14 02:00:00,2024-09-15 22:00:00,win,247.04,102.57,-0.0172,La Liga
B000090,M00078,Aggressive_Momentum,Stake,MONEYLINE_HOME,HOME,1.2,1.3,128.05,2024-09-14 06:30:00,2024-09-14 16:30:00,win,153.66,25.61,-0.0769,Bundesliga
B000111,M00093,League_Specialist,Stake,MONEYLINE_HOME,HOME,2.19,2.29,42.51,2024-09-14 08:30:00,2024-09-15 19:30:00,loss,0.0,-42.51,-0.0437,La Liga
B000107,M00091,League_Specialist,1xBet,DNB_HOME,HOME,1.54,1.5,81.85,2024-09-14 13:30:00,2024-09-15 18:30:00,loss,0.0,-81.85,0.0267,Premier League
B000101,M00088,Quant_Value,Bet365,DNB_HOME,HOME,1.25,1.24,31.13,2024-09-14 16:00:00,2024-09-15 16:00:00,win,38.91,7.78,0.0081,Serie A
B000108,M00091,Aggressive_Momentum,Stake,MONEYLINE_HOME,HOME,1.89,1.94,98.7,2024-09-14 18:30:00,2024-09-15 18:30:00,loss,0.0,-98.7,-0.0258,Premier League
B000117,M00098,League_Specialist,Pinnacle,MONEYLINE_HOME,HOME,1.95,1.81,86.81,2024-09-14 23:00:00,2024-09-18 20:00:00,win,169.28,82.47,0.0773,La Liga
B000112,M00094,League_Specialist,Betano,MONEYLINE_HOME,HOME,1.35,1.34,61.03,2024-09-15 00:00:00,2024-09-15 22:00:00,win,82.39,21.36,0.0075,La Liga
B000115,M00095,Aggressive_Momentum,Pinnacle,OVER_2_5,YES,1.89,1.84,140.22,2024-09-15 13:30:00,2024-09-16 19:30:00,win,265.02,124.8,0.0272,Serie A
B000116,M00096,League_Specialist,Bet365,MONEYLINE_HOME,HOME,1.22,1.18,67.43,2024-09-15 23:45:00,2024-09-16 21:45:00,win,82.26,14.83,0.0339,Serie A
B000114,M00095,League_Specialist,1xBet,DNB_HOME,HOME,1.39,1.39,63.46,2024-09-16 02:30:00,2024-09-16 19:30:00,loss,0.0,-63.46,0.0,Serie A
B000119,M00100,Aggressive_Momentum,Pinnacle,DNB_HOME,HOME,1.6,1.7,112.65,2024-09-18 05:30:00,2024-09-21 14:30:00,loss,0.0,-112.65,-0.0588,Premier League
B000120,M00101,Aggressive_Momentum,Pinnacle,OVER_2_5,YES,1.84,1.86,111.43,2024-09-18 09:00:00,2024-09-21 16:00:00,loss,0.0,-111.43,-0.0108,Serie A
B000131,M00111,Aggressive_Momentum,Stake,DNB_HOME,HOME,1.07,1.05,119.56,2024-09-18 10:00:00,2024-09-21 22:00:00,win,127.93,8.37,0.019,La Liga
B000132,M00112,League_Specialist,Betano,MONEYLINE_HOME,HOME,1.53,1.53,89.63,2024-09-18 19:30:00,2024-09-22 13:30:00,win,137.13,47.5,0.0,Serie A
B000124,M00104,Quant_Value,Pinnacle,MONEYLINE_HOME,HOME,1.76,1.66,42.53,2024-09-18 20:00:00,2024-09-21 17:00:00,loss,0.0,-42.53,0.0602,Premier League
B000129,M00110,Quant_Value,Betano,OVER_2_5,YES,1.84,1.89,65.58,2024-09-18 22:45:00,2024-09-21 21:45:00,win,120.67,55.09,-0.0265,Serie A
B000139,M00118,League_Specialist,Pinnacle,BTTS_YES,YES,1.18,1.11,93.51,2024-09-18 23:00:00,2024-09-22 22:00:00,win,110.34,16.83,0.0631,La Liga
B000134,M00114,Aggressive_Momentum,Bet365,BTTS_YES,YES,1.27,1.29,69.99,2024-09-19 03:00:00,2024-09-22 16:00:00,win,88.89,18.9,-0.0155,Premier League
B000118,M00099,Quant_Value,Stake,MONEYLINE_HOME,HOME,1.97,1.88,79.18,2024-09-19 10:00:00,2024-09-19 20:00:00,loss,0.0,-79.18,0.0479,La Liga
B000122,M00102,League_Specialist,Bet365,MONEYLINE_HOME,HOME,1.59,1.56,77.66,2024-09-19 15:30:00,2024-09-21 16:30:00,loss,0.0,-77.66,0.0192,Bundesliga
B000121,M00102,Quant_Value,Betano,DNB_HOME,HOME,1.24,1.19,43.16,2024-09-19 17:30:00,2024-09-21 16:30:00,push,43.16,0.0,0.042,Bundesliga
B000126,M00108,Quant_Value,Betano,MONEYLINE_HOME,HOME,1.85,1.76,75.72,2024-09-19 20:00:00,2024-09-21 19:00:00,loss,0.0,-75.72,0.0511,Serie A
B000125,M00106,Quant_Value,1xBet,DNB_HOME,HOME,1.13,1.09,70.64,2024-09-20 01:00:00,2024-09-21 17:00:00,win,79.82,9.18,0.0367,Premier League
B000130,M00110,Aggressive_Momentum,Betano,DNB_HOME,HOME,1.87,1.86,85.22,2024-09-20 02:45:00,2024-09-21 21:45:00,push,85.22,0.0,0.0054,Serie A
B000123,M00102,Aggressive_Momentum,1xBet,DNB_HOME,HOME,1.22,1.19,88.45,2024-09-20 04:30:00,2024-09-21 16:30:00,push,88.45,0.0,0.0252,Bundesliga
B000136,M00116,Quant_Value,Betano,OVER_2_5,YES,2.06,1.9,68.9,2024-09-20 05:30:00,2024-09-22 20:30:00,loss,0.0,-68.9,0.0842,Bundesliga
B000138,M00117,Quant_Value,Betano,OVER_2_5,YES,1.89,1.78,67.89,2024-09-20 12:45:00,2024-09-22 21:45:00,win,128.31,60.42,0.0618,Serie A
B000141,M00119,League_Specialist,1xBet,BTTS_YES,YES,1.18,1.15,82.24,2024-09-20 14:00:00,2024-09-23 22:00:00,win,97.04,14.8,0.0261,La Liga
B000127,M00109,Quant_Value,Stake,MONEYLINE_HOME,HOME,1.47,1.48,48.28,2024-09-20 18:30:00,2024-09-21 19:30:00,win,70.97,22.69,-0.0068,Bundesliga
B000128,M00109,Aggressive_Momentum,1xBet,MONEYLINE_HOME,HOME,1.51,1.51,108.85,2024-09-20 23:30:00,2024-09-21 19:30:00,win,164.36,55.51,0.0,Bundesliga
B000133,M00114,League_Specialist,1xBet,BTTS_YES,YES,1.34,1.28,76.62,2024-09-21 06:00:00,2024-09-22 16:00:00,win,102.67,26.05,0.0469,Premier League
B000140,M00118,Aggressive_Momentum,1xBet,BTTS_YES,YES,1.05,1.08,77.75,2024-09-21 07:00:00,2024-09-22 22:00:00,win,81.64,3.89,-0.0278,La Liga
B000143,M00121,Quant_Value,1xBet,OVER_2_5,YES,1.77,1.71,31.44,2024-09-21 11:45:00,2024-09-24 21:45:00,win,55.65,24.21,0.0351,Serie A
B000137,M00116,League_Specialist,Bet365,DNB_HOME,HOME,1.93,1.9,49.24,2024-09-21 12:30:00,2024-09-22 20:30:00,push,49.24,0.0,0.0158,Bundesliga
B000135,M00115,Aggressive_Momentum,1xBet,BTTS_YES,YES,1.19,1.26,74.44,2024-09-22 01:30:00,2024-09-22 19:30:00,win,88.58,14.14,-0.0556,La Liga
B000142,M00120,Quant_Value,Bet365,MONEYLINE_HOME,HOME,2.1,1.99,65.05,2024-09-22 12:00:00,2024-09-24 20:00:00,loss,0.0,-65.05,0.0553,La Liga
B000144,M00122,League_Specialist,Betano,MONEYLINE_HOME,HOME,1.23,1.19,78.05,2024-09-22 20:00:00,2024-09-25 22:00:00,win,96.0,17.95,0.0336,La Liga
B000147,M00124,Aggressive_Momentum,Stake,DNB_HOME,HOME,1.6,1.69,66.76,2024-09-22 21:00:00,2024-09-26 20:00:00,push,66.76,0.0,-0.0533,La Liga
B000145,M00123,Aggressive_Momentum,1xBet,MONEYLINE_HOME,HOME,3.0,2.99,89.24,2024-09-23 17:00:00,2024-09-26 20:00:00,loss,0.0,-89.24,0.0033,La Liga
B000155,M00130,Quant_Value,Pinnacle,DNB_HOME,HOME,1.41,1.41,36.03,2024-09-24 22:00:00,2024-09-28 17:00:00,loss,0.0,-36.03,0.0,Premier League
B000146,M00124,Quant_Value,Pinnacle,BTTS_YES,YES,1.15,1.1,56.02,2024-09-25 01:00:00,2024-09-26 20:00:00,win,64.42,8.4,0.0455,La Liga
B000149,M00125,Aggressive_Momentum,Stake,MONEYLINE_HOME,HOME,3.71,3.76,72.06,2024-09-25 08:00:00,2024-09-27 22:00:00,loss,0.0,-72.06,-0.0133,La Liga
B000148,M00125,League_Specialist,Pinnacle,BTTS_YES,YES,1.28,1.16,119.64,2024-09-25 12:00:00,2024-09-27 22:00:00,win,153.14,33.5,0.1034,La Liga
B000156,M00130,Aggressive_Momentum,Stake,BTTS_YES,YES,1.17,1.17,121.91,2024-09-25 14:00:00,2024-09-28 17:00:00,loss,0.0,-121.91,0.0,Premier League
B000173,M00141,Aggressive_Momentum,Betano,BTTS_YES,YES,1.13,1.12,175.9,2024-09-25 20:00:00,2024-09-29 19:00:00,loss,0.0,-175.9,0.0089,Serie A
B000168,M00138,Quant_Value,Stake,OVER_2_5,YES,1.87,1.94,74.83,2024-09-26 01:00:00,2024-09-29 16:00:00,win,139.93,65.1,-0.0361,Premier League
B000170,M00140,Quant_Value,1xBet,MONEYLINE_HOME,HOME,2.27,2.16,41.24,2024-09-26 04:30:00,2024-09-29 18:30:00,loss,0.0,-41.24,0.0509,Bundesliga
B000152,M00129,Quant_Value,Betano,MONEYLINE_HOME,HOME,1.44,1.42,88.76,2024-09-26 05:00:00,2024-09-28 17:00:00,win,127.81,39.05,0.0141,Premier League
B000167,M00137,Quant_Value,Betano,MONEYLINE_HOME,HOME,2.49,2.38,78.53,2024-09-26 08:30:00,2024-09-29 13:30:00,loss,0.0,-78.53,0.0462,Serie A
B000150,M00127,Quant_Value,Pinnacle,MONEYLINE_HOME,HOME,1.77,1.66,52.2,2024-09-26 09:00:00,2024-09-28 15:00:00,win,92.39,40.19,0.0663,La Liga
B000163,M00134,Quant_Value,1xBet,MONEYLINE_HOME,HOME,1.26,1.22,51.62,2024-09-26 09:30:00,2024-09-28 19:30:00,loss,0.0,-51.62,0.0328,Bundesliga
B000165,M00135,Aggressive_Momentum,Stake,BTTS_YES,YES,1.17,1.14,39.22,2024-09-26 11:45:00,2024-09-28 21:45:00,win,45.89,6.67,0.0263,Serie A
B000158,M00131,League_Specialist,Bet365,DNB_HOME,HOME,1.35,1.4,81.9,2024-09-26 13:00:00,2024-09-28 17:00:00,win,110.57,28.67,-0.0357,Premier League
B000161,M00133,Quant_Value,Bet365,MONEYLINE_HOME,HOME,5.2,5.12,69.83,2024-09-26 19:00:00,2024-09-28 19:00:00,loss,0.0,-69.83,0.0156,Serie A
B000153,M00129,League_Specialist,Pinnacle,MONEYLINE_HOME,HOME,1.46,1.42,65.69,2024-09-26 19:00:00,2024-09-28 17:00:00,win,95.91,30.22,0.0282,Premier League
B000160,M00132,Aggressive_Momentum,Betano,OVER_2_5,YES,1.83,1.87,49.38,2024-09-26 19:15:00,2024-09-28 17:15:00,loss,0.0,-49.38,-0.0214,La Liga
B000162,M00133,Aggressive_Momentum,Pinnacle,OVER_2_5,YES,2.05,2.1,127.98,2024-09-27 01:00:00,2024-09-28 19:00:00,win,262.36,134.38,-0.0238,Serie A
B000164,M00135,League_Specialist,Stake,DNB_HOME,HOME,2.27,2.24,80.51,2024-09-27 02:45:00,2024-09-28 21:45:00,push,80.51,0.0,0.0134,Serie A
B000157,M00131,Quant_Value,Pinnacle,MONEYLINE_HOME,HOME,1.9,1.8,74.06,2024-09-27 04:00:00,2024-09-28 17:00:00,win,140.71,66.65,0.0556,Premier League
B000166,M00136,Aggressive_Momentum,Stake,BTTS_YES,YES,1.44,1.37,123.08,2024-09-27 09:00:00,2024-09-28 22:00:00,win,177.24,54.16,0.0511,La Liga
B000174,M00142,Aggressive_Momentum,Bet365,MONEYLINE_HOME,HOME,1.47,1.39,109.15,2024-09-27 11:30:00,2024-09-29 19:30:00,win,160.45,51.3,0.0576,La Liga
B000151,M00127,League_Specialist,Pinnacle,MONEYLINE_HOME,HOME,1.68,1.61,93.49,2024-09-27 12:00:00,2024-09-28 15:00:00,win,157.06,63.57,0.0435,La Liga
B000169,M00139,Aggressive_Momentum,Pinnacle,OVER_2_5,YES,2.21,2.18,81.1,2024-09-27 19:30:00,2024-09-29 16:30:00,win,179.23,98.13,0.0138,Bundesliga
B000159,M00131,Aggressive_Momentum,Betano,OVER_2_5,YES,1.9,1.88,143.45,2024-09-27 22:00:00,2024-09-28 17:00:00,win,272.55,129.1,0.0106,Premier League
B000171,M00140,Aggressive_Momentum,Pinnacle,BTTS_YES,YES,1.14,1.14,127.09,2024-09-28 01:30:00,2024-09-29 18:30:00,win,144.88,17.79,0.0,Bundesliga
B000154,M00129,Aggressive_Momentum,Bet365,OVER_2_5,YES,1.79,1.79,124.83,2024-09-28 05:00:00,2024-09-28 17:00:00,win,223.45,98.62,0.0,Premier League
B000172,M00141,League_Specialist,Betano,MONEYLINE_HOME,HOME,2.56,2.57,99.28,2024-09-28 19:00:00,2024-09-29 19:00:00,loss,0.0,-99.28,-0.0039,Serie A
B000175,M00143,League_Specialist,Bet365,DNB_HOME,HOME,1.05,1.05,87.76,2024-09-30 10:00:00,2024-09-30 22:00:00,win,92.15,4.39,0.0,Premier League
B000176,M00144,Quant_Value,Pinnacle,OVER_2_5,YES,1.78,1.72,58.96,2024-10-01 01:30:00,2024-10-04 19:30:00,win,104.95,45.99,0.0349,Serie A
B000178,M00144,Aggressive_Momentum,Pinnacle,DNB_HOME,HOME,1.07,1.05,111.34,2024-10-01 20:30:00,2024-10-04 19:30:00,win,119.13,7.79,0.019,Serie A
B000179,M00145,League_Specialist,Bet365,DNB_HOME,HOME,2.11,2.03,112.42,2024-10-02 12:30:00,2024-10-04 21:30:00,win,237.21,124.79,0.0394,Bundesliga
B000192,M00157,League_Specialist,Pinnacle,MONEYLINE_HOME,HOME,1.96,1.81,89.9,2024-10-02 18:00:00,2024-10-06 16:00:00,loss,0.0,-89.9,0.0829,Premier League
B000185,M00151,League_Specialist,Pinnacle,MONEYLINE_HOME,HOME,3.96,3.75,100.27,2024-10-02 22:30:00,2024-10-05 16:30:00,loss,0.0,-100.27,0.056,Bundesliga
B000197,M00162,Quant_Value,Pinnacle,BTTS_YES,YES,1.17,1.14,34.05,2024-10-02 23:30:00,2024-10-06 18:30:00,win,39.84,5.79,0.0263,Bundesliga
B000190,M00155,Quant_Value,1xBet,BTTS_YES,YES,1.15,1.13,72.36,2024-10-02 23:30:00,2024-10-05 19:30:00,loss,0.0,-72.36,0.0177,Premier League
B000183,M00150,League_Specialist,Stake,DNB_HOME,HOME,1.71,1.6,110.09,2024-10-03 01:30:00,2024-10-05 16:30:00,loss,0.0,-110.09,0.0687,Bundesliga
B000189,M00154,Quant_Value,1xBet,BTTS_YES,YES,1.17,1.08,63.17,2024-10-03 01:30:00,2024-10-05 19:30:00,win,73.91,10.74,0.0833,La Liga
B000180,M00146,Aggressive_Momentum,Pinnacle,OVER_2_5,YES,1.84,1.92,109.42,2024-10-03 02:45:00,2024-10-04 21:45:00,win,201.33,91.91,-0.0417,Serie A
B000177,M00144,League_Specialist,Bet365,DNB_HOME,HOME,1.1,1.06,55.21,2024-10-03 08:30:00,2024-10-04 19:30:00,win,60.73,5.52,0.0377,Serie A
B000187,M00152,Aggressive_Momentum,Pinnacle,DNB_HOME,HOME,1.22,1.26,110.1,2024-10-03 14:15:00,2024-10-05 17:15:00,push,110.1,0.0,-0.0317,La Liga
B000194,M00159,League_Specialist,Stake,OVER_2_5,YES,1.85,1.86,87.1,2024-10-03 17:00:00,2024-10-06 16:00:00,win,161.13,74.03,-0.0054,Serie A
B000184,M00150,Aggressive_Momentum,Betano,MONEYLINE_HOME,HOME,2.1,2.12,93.92,2024-10-03 17:30:00,2024-10-05 16:30:00,loss,0.0,-93.92,-0.0094,Bundesliga
B000181,M00148,Quant_Value,Stake,MONEYLINE_HOME,HOME,4.93,4.66,62.08,2024-10-04 12:30:00,2024-10-05 14:30:00,loss,0.0,-62.08,0.0579,Premier League
B000193,M00159,Quant_Value,1xBet,MONEYLINE_HOME,HOME,1.67,1.6,55.14,2024-10-04 13:00:00,2024-10-06 16:00:00,win,92.08,36.94,0.0437,Serie A
B000186,M00152,Quant_Value,1xBet,DNB_HOME,HOME,1.28,1.29,68.79,2024-10-04 17:15:00,2024-10-05 17:15:00,push,68.79,0.0,-0.0078,La Liga
B000182,M00149,Quant_Value,Bet365,MONEYLINE_HOME,HOME,3.22,3.15,76.11,2024-10-04 18:00:00,2024-10-05 15:00:00,win,245.07,168.96,0.0222,La Liga
B000198,M00164,League_Specialist,Betano,MONEYLINE_HOME,HOME,1.43,1.37,86.81,2024-10-04 18:30:00,2024-10-06 20:30:00,loss,0.0,-86.81,0.0438,Bundesliga
B000191,M00156,Aggressive_Momentum,Bet365,BTTS_YES,YES,1.47,1.49,36.71,2024-10-05 03:00:00,2024-10-05 22:00:00,loss,0.0,-36.71,-0.0134,La Liga
B000188,M00153,League_Specialist,1xBet,BTTS_YES,YES,2.08,1.93,73.26,2024-10-05 07:00:00,2024-10-05 19:00:00,win,152.38,79.12,0.0777,Serie A
B000195,M00161,Quant_Value,Pinnacle,MONEYLINE_HOME,HOME,2.63,2.49,31.28,2024-10-05 19:30:00,2024-10-06 18:30:00,win,82.27,50.99,0.0562,Premier League
B000196,M00161,Aggressive_Momentum,Bet365,MONEYLINE_HOME,HOME,2.53,2.49,44.07,2024-10-05 23:30:00,2024-10-06 18:30:00,win,111.5,67.43,0.0161,Premier League
B000199,M00165,League_Specialist,Pinnacle,MONEYLINE_HOME,HOME,1.46,1.46,113.36,2024-10-15 14:30:00,2024-10-18 21:30:00,win,165.51,52.15,0.0,Bundesliga
B000205,M00169,League_Specialist,Bet365,OVER_2_5,YES,2.02,1.9,76.63,2024-10-15 15:30:00,2024-10-19 16:30:00,loss,0.0,-76.63,0.0632,Bundesliga
B000203,M00168,Aggressive_Momentum,Bet365,MONEYLINE_HOME,HOME,2.01,1.99,55.56,2024-10-15 18:00:00,2024-10-19 16:00:00,loss,0.0,-55.56,0.0101,Serie A
B000214,M00178,Aggressive_Momentum,Stake,BTTS_YES,YES,1.29,1.28,89.2,2024-10-16 03:45:00,2024-10-19 21:45:00,loss,0.0,-89.2,0.0078,Serie A
B000202,M00167,Aggressive_Momentum,Bet365,MONEYLINE_HOME,HOME,1.4,1.43,103.92,2024-10-16 06:00:00,2024-10-19 15:00:00,win,145.49,41.57,-0.021,La Liga
B000211,M00175,Quant_Value,1xBet,DNB_HOME,HOME,1.21,1.11,71.0,2024-10-16 07:00:00,2024-10-19 19:00:00,win,85.91,14.91,0.0901,Serie A
B000204,M00169,Quant_Value,1xBet,BTTS_YES,YES,1.2,1.2,44.8,2024-10-16 11:30:00,2024-10-19 16:30:00,loss,0.0,-44.8,0.0,Bundesliga
B000206,M00170,Quant_Value,Bet365,MONEYLINE_HOME,HOME,1.43,1.34,49.24,2024-10-16 13:30:00,2024-10-19 16:30:00,win,70.41,21.17,0.0672,Bundesliga
B000212,M00175,Aggressive_Momentum,Betano,OVER_2_5,YES,1.81,1.81,130.37,2024-10-16 15:00:00,2024-10-19 19:00:00,loss,0.0,-130.37,0.0,Serie A
B000215,M00179,League_Specialist,Betano,DNB_HOME,HOME,1.86,1.8,132.51,2024-10-16 15:30:00,2024-10-20 13:30:00,loss,0.0,-132.51,0.0333,Serie A
B000219,M00182,League_Specialist,Stake,MONEYLINE_HOME,HOME,3.56,3.47,99.21,2024-10-17 03:30:00,2024-10-20 16:30:00,loss,0.0,-99.21,0.0259,Bundesliga
B000208,M00173,League_Specialist,Betano,MONEYLINE_HOME,HOME,2.59,2.5,75.21,2024-10-17 16:00:00,2024-10-19 17:00:00,loss,0.0,-75.21,0.036,Premier League
B000218,M00181,Quant_Value,Bet365,OVER_2_5,YES,2.11,2.05,40.99,2024-10-17 21:00:00,2024-10-20 16:00:00,win,86.49,45.5,0.0293,Serie A
B000210,M00174,League_Specialist,1xBet,DNB_HOME,HOME,1.52,1.45,81.02,2024-10-17 22:00:00,2024-10-19 17:00:00,loss,0.0,-81.02,0.0483,Premier League
B000200,M00166,Quant_Value,1xBet,MONEYLINE_HOME,HOME,1.31,1.27,36.51,2024-10-18 06:30:00,2024-10-19 14:30:00,win,47.83,11.32,0.0315,Premier League
B000209,M00174,Quant_Value,Pinnacle,MONEYLINE_HOME,HOME,1.94,1.9,73.51,2024-10-18 11:00:00,2024-10-19 17:00:00,loss,0.0,-73.51,0.0211,Premier League
B000207,M00172,Aggressive_Momentum,Pinnacle,DNB_HOME,HOME,1.27,1.29,131.72,2024-10-18 11:00:00,2024-10-19 17:00:00,loss,0.0,-131.72,-0.0155,Premier League
B000216,M00179,Aggressive_Momentum,1xBet,BTTS_YES,YES,1.06,1.09,106.27,2024-10-18 11:30:00,2024-10-20 13:30:00,loss,0.0,-106.27,-0.0275,Serie A
B000224,M00187,Aggressive_Momentum,Betano,MONEYLINE_HOME,HOME,1.47,1.48,101.05,2024-10-18 12:00:00,2024-10-21 22:00:00,win,148.54,47.49,-0.0068,Premier League
B000222,M00185,Aggressive_Momentum,Stake,DNB_HOME,HOME,2.17,2.15,96.83,2024-10-18 12:45:00,2024-10-21 21:45:00,loss,0.0,-96.83,0.0093,Serie A
B000201,M00166,Aggressive_Momentum,Bet365,MONEYLINE_HOME,HOME,1.27,1.31,89.77,2024-10-18 13:30:00,2024-10-19 14:30:00,win,114.01,24.24,-0.0305,Premier League
B000213,M00178,League_Specialist,Stake,MONEYLINE_HOME,HOME,1.61,1.57,105.73,2024-10-18 16:45:00,2024-10-19 21:45:00,win,170.23,64.5,0.0255,Serie A
B000217,M00180,League_Specialist,1xBet,DNB_HOME,HOME,6.93,6.7,89.9,2024-10-18 22:00:00,2024-10-20 16:00:00,loss,0.0,-89.9,0.0343,Serie A
B000220,M00182,Aggressive_Momentum,Betano,BTTS_YES,YES,1.09,1.12,65.03,2024-10-19 09:30:00,2024-10-20 16:30:00,loss,0.0,-65.03,-0.0268,Bundesliga
B000221,M00183,Aggressive_Momentum,Betano,MONEYLINE_HOME,HOME,2.57,2.64,103.96,2024-10-20 09:00:00,2024-10-20 19:00:00,win,267.18,163.22,-0.0265,Serie A
B000223,M00187,Quant_Value,Bet365,MONEYLINE_HOME,HOME,1.52,1.52,54.4,2024-10-20 19:00:00,2024-10-21 22:00:00,win,82.69,28.29,0.0,Premier League
B000227,M00190,Aggressive_Momentum,Betano,MONEYLINE_HOME,HOME,1.14,1.17,84.16,2024-10-23 18:00:00,2024-10-26 16:00:00,win,95.94,11.78,-0.0256,Serie A
B000228,M00191,Quant_Value,Bet365,OVER_2_5,YES,1.95,1.93,66.13,2024-10-24 01:30:00,2024-10-26 16:30:00,win,128.95,62.82,0.0104,Bundesliga
B000242,M00205,League_Specialist,Betano,MONEYLINE_HOME,HOME,2.35,2.27,99.18,2024-10-24 02:30:00,2024-10-27 19:30:00,win,233.07,133.89,0.0352,La Liga
B000236,M00201,Quant_Value,1xBet,OVER_2_5,YES,2.21,2.07,89.94,2024-10-24 06:00:00,2024-10-27 16:00:00,loss,0.0,-89.94,0.0676,Premier League
B000230,M00193,Quant_Value,Betano,BTTS_YES,YES,1.1,1.1,92.3,2024-10-24 07:30:00,2024-10-26 16:30:00,loss,0.0,-92.3,0.0,Bundesliga
B000231,M00195,League_Specialist,1xBet,OVER_2_5,YES,1.84,1.75,106.68,2024-10-24 14:00:00,2024-10-26 17:00:00,win,196.29,89.61,0.0514,Premier League
B000229,M00192,League_Specialist,Pinnacle,MONEYLINE_HOME,HOME,1.79,1.7,59.81,2024-10-24 20:30:00,2024-10-26 16:30:00,win,107.06,47.25,0.0529,Bundesliga
B000234,M00197,League_Specialist,Bet365,BTTS_YES,YES,1.06,1.09,90.49,2024-10-24 22:30:00,2024-10-26 19:30:00,win,95.92,5.43,-0.0275,Premier League
B000225,M00189,Aggressive_Momentum,Pinnacle,OVER_2_5,YES,1.81,1.82,89.12,2024-10-24 22:30:00,2024-10-25 21:30:00,loss,0.0,-89.12,-0.0055,Bundesliga
B000226,M00190,Quant_Value,1xBet,DNB_HOME,HOME,1.07,1.05,55.77,2024-10-25 03:00:00,2024-10-26 16:00:00,win,59.67,3.9,0.019,Serie A
B000237,M00202,League_Specialist,1xBet,MONEYLINE_HOME,HOME,18.87,18.27,84.83,2024-10-25 07:30:00,2024-10-27 16:30:00,loss,0.0,-84.83,0.0328,Bundesliga
B000239,M00203,Aggressive_Momentum,Stake,BTTS_YES,YES,1.32,1.31,82.04,2024-10-25 08:15:00,2024-10-27 17:15:00,win,108.29,26.25,0.0076,La Liga
B000235,M00199,Quant_Value,Bet365,MONEYLINE_HOME,HOME,1.16,1.13,75.63,2024-10-25 15:45:00,2024-10-26 21:45:00,win,87.73,12.1,0.0265,Serie A
B000241,M00204,Aggressive_Momentum,Bet365,OVER_2_5,YES,1.89,1.83,128.67,2024-10-25 19:00:00,2024-10-27 19:00:00,win,243.19,114.52,0.0328,Serie A
B000233,M00197,Quant_Value,Stake,OVER_2_5,YES,1.94,1.89,64.36,2024-10-25 22:30:00,2024-10-26 19:30:00,loss,0.0,-64.36,0.0265,Premier League
B000246,M00209,Aggressive_Momentum,Betano,BTTS_YES,YES,1.17,1.16,96.36,2024-10-26 00:30:00,2024-10-29 19:30:00,loss,0.0,-96.36,0.0086,Serie A
B000232,M00196,League_Specialist,Pinnacle,MONEYLINE_HOME,HOME,1.93,1.86,73.38,2024-10-26 01:15:00,2024-10-26 17:15:00,win,141.62,68.24,0.0376,La Liga
B000238,M00202,Aggressive_Momentum,Stake,BTTS_YES,YES,1.84,1.86,124.61,2024-10-26 02:30:00,2024-10-27 16:30:00,loss,0.0,-124.61,-0.0108,Bundesliga
B000247,M00210,Aggressive_Momentum,1xBet,BTTS_YES,YES,1.05,1.09,114.27,2024-10-26 20:30:00,2024-10-30 19:30:00,win,119.98,5.71,-0.0367,Serie A
B000244,M00208,Quant_Value,Betano,OVER_2_5,YES,1.91,1.83,40.02,2024-10-27 02:30:00,2024-10-29 19:30:00,loss,0.0,-40.02,0.0437,Serie A
B000245,M00208,Aggressive_Momentum,1xBet,OVER_2_5,YES,1.83,1.86,83.72,2024-10-27 05:30:00,2024-10-29 19:30:00,loss,0.0,-83.72,-0.0161,Serie A
B000243,M00207,League_Specialist,1xBet,OVER_2_5,YES,1.95,1.85,111.29,2024-10-27 06:00:00,2024-10-28 22:00:00,loss,0.0,-111.29,0.0541,La Liga
B000240,M00204,League_Specialist,Pinnacle,MONEYLINE_HOME,HOME,1.65,1.61,102.96,2024-10-27 07:00:00,2024-10-27 19:00:00,loss,0.0,-102.96,0.0248,Serie A
B000252,M00214,Quant_Value,1xBet,BTTS_YES,YES,1.12,1.14,52.97,2024-10-27 21:45:00,2024-10-31 21:45:00,win,59.33,6.36,-0.0175,Serie A
B000248,M00211,Quant_Value,Pinnacle,DNB_HOME,HOME,1.07,1.05,81.41,2024-10-28 06:45:00,2024-10-30 21:45:00,win,87.11,5.7,0.019,Serie A
B000250,M00212,Quant_Value,Pinnacle,DNB_HOME,HOME,4.49,4.23,37.49,2024-10-28 18:30:00,2024-10-31 19:30:00,loss,0.0,-37.49,0.0615,Serie A
B000261,M00219,Aggressive_Momentum,Pinnacle,MONEYLINE_HOME,HOME,1.94,2.03,133.29,2024-10-29 16:30:00,2024-11-02 16:30:00,loss,0.0,-133.29,-0.0443,Bundesliga
B000262,M00220,Quant_Value,Pinnacle,OVER_2_5,YES,2.02,1.94,90.44,2024-10-29 16:30:00,2024-11-02 16:30:00,loss,0.0,-90.44,0.0412,Bundesliga
B000253,M00214,League_Specialist,Betano,MONEYLINE_HOME,HOME,3.15,3.04,40.92,2024-10-29 19:45:00,2024-10-31 21:45:00,loss,0.0,-40.92,0.0362,Serie A
B000259,M00218,League_Specialist,Stake,DNB_HOME,HOME,1.11,1.05,81.93,2024-10-29 20:30:00,2024-11-02 16:30:00,win,90.94,9.01,0.0571,Bundesliga
B000254,M00215,Aggressive_Momentum,Bet365,DNB_HOME,HOME,1.32,1.33,82.07,2024-10-30 03:30:00,2024-11-01 21:30:00,push,82.07,0.0,-0.0075,Bundesliga
B000251,M00213,League_Specialist,1xBet,DNB_HOME,HOME,1.59,1.57,62.36,2024-10-30 03:45:00,2024-10-31 21:45:00,win,99.15,36.79,0.0127,Serie A
B000264,M00221,Quant_Value,1xBet,OVER_2_5,YES,2.03,1.92,23.37,2024-10-30 04:00:00,2024-11-02 17:00:00,loss,0.0,-23.37,0.0573,Premier League
B000249,M00211,League_Specialist,1xBet,BTTS_YES,YES,1.6,1.65,104.84,2024-10-30 07:45:00,2024-10-30 21:45:00,loss,0.0,-104.84,-0.0303,Serie A
B000255,M00216,Quant_Value,Pinnacle,MONEYLINE_HOME,HOME,1.36,1.3,63.58,2024-10-30 19:00:00,2024-11-02 16:00:00,win,86.47,22.89,0.0462,Serie A
B000260,M00218,Aggressive_Momentum,Betano,BTTS_YES,YES,2.19,2.07,87.35,2024-10-31 00:30:00,2024-11-02 16:30:00,loss,0.0,-87.35,0.058,Bundesliga
B000258,M00217,Aggressive_Momentum,Bet365,OVER_2_5,YES,1.71,1.72,78.52,2024-10-31 03:30:00,2024-11-02 16:30:00,win,134.27,55.75,-0.0058,Bundesliga
B000275,M00230,League_Specialist,1xBet,BTTS_YES,YES,2.47,2.47,62.44,2024-10-31 10:15:00,2024-11-03 17:15:00,win,154.23,91.79,0.0,La Liga
B000273,M00228,Aggressive_Momentum,Pinnacle,BTTS_YES,YES,1.08,1.09,122.93,2024-10-31 12:00:00,2024-11-03 16:00:00,loss,0.0,-122.93,-0.0092,Serie A
B000281,M00234,League_Specialist,Pinnacle,OVER_2_5,YES,1.95,1.89,78.6,2024-10-31 13:00:00,2024-11-03 22:00:00,loss,0.0,-78.6,0.0317,La Liga
B000279,M00232,Aggressive_Momentum,Pinnacle,DNB_HOME,HOME,1.19,1.23,90.16,2024-10-31 13:30:00,2024-11-03 19:30:00,loss,0.0,-90.16,-0.0325,La Liga
B000284,M00236,Aggressive_Momentum,Betano,MONEYLINE_HOME,HOME,1.19,1.22,76.18,2024-11-01 02:45:00,2024-11-04 21:45:00,win,90.65,14.47,-0.0246,Serie A
B000267,M00224,League_Specialist,Betano,DNB_HOME,HOME,1.21,1.22,105.5,2024-11-01 03:15:00,2024-11-02 17:15:00,win,127.65,22.15,-0.0082,La Liga
B000282,M00235,Quant_Value,Bet365,DNB_HOME,HOME,1.21,1.15,52.05,2024-11-01 03:30:00,2024-11-04 19:30:00,win,62.98,10.93,0.0522,Serie A
B000256,M00216,Aggressive_Momentum,Bet365,OVER_2_5,YES,1.84,1.77,62.47,2024-11-01 07:00:00,2024-11-02 16:00:00,loss,0.0,-62.47,0.0395,Serie A
B000269,M00226,Quant_Value,Pinnacle,MONEYLINE_HOME,HOME,2.32,2.24,80.43,2024-11-01 07:30:00,2024-11-03 13:30:00,loss,0.0,-80.43,0.0357,Serie A
B000280,M00233,League_Specialist,Bet365,DNB_HOME,HOME,1.07,1.05,139.49,2024-11-01 09:45:00,2024-11-03 21:45:00,win,149.25,9.76,0.019,Serie A
B000266,M00222,Aggressive_Momentum,Bet365,BTTS_YES,YES,1.37,1.36,153.66,2024-11-01 10:00:00,2024-11-02 17:00:00,win,210.51,56.85,0.0074,Premier League
B000257,M00217,League_Specialist,Betano,MONEYLINE_HOME,HOME,1.22,1.18,67.67,2024-11-01 10:30:00,2024-11-02 16:30:00,win,82.56,14.89,0.0339,Bundesliga
B000277,M00231,Aggressive_Momentum,Stake,DNB_HOME,HOME,1.97,1.99,77.34,2024-11-01 21:00:00,2024-11-03 19:00:00,win,152.36,75.02,-0.0101,Serie A
B000268,M00224,Aggressive_Momentum,Bet365,BTTS_YES,YES,1.24,1.27,49.31,2024-11-01 22:15:00,2024-11-02 17:15:00,win,61.14,11.83,-0.0236,La Liga
B000263,M00220,League_Specialist,Pinnacle,OVER_2_5,YES,2.04,1.95,80.32,2024-11-02 00:30:00,2024-11-02 16:30:00,loss,0.0,-80.32,0.0462,Bundesliga
B000271,M00226,Aggressive_Momentum,Bet365,MONEYLINE_HOME,HOME,2.25,2.28,101.51,2024-11-02 04:30:00,2024-11-03 13:30:00,loss,0.0,-101.51,-0.0132,Serie A
B000270,M00226,League_Specialist,1xBet,DNB_HOME,HOME,1.71,1.73,36.49,2024-11-02 06:30:00,2024-11-03 13:30:00,loss,0.0,-36.49,-0.0116,Serie A
B000265,M00222,League_Specialist,Pinnacle,MONEYLINE_HOME,HOME,1.52,1.44,69.82,2024-11-02 07:00:00,2024-11-02 17:00:00,win,106.13,36.31,0.0556,Premier League
B000278,M00232,Quant_Value,Pinnacle,OVER_2_5,YES,1.88,1.84,71.76,2024-11-02 22:30:00,2024-11-03 19:30:00,loss,0.0,-71.76,0.0217,La Liga
B000272,M00227,Quant_Value,Bet365,MONEYLINE_HOME,HOME,1.37,1.36,67.54,2024-11-02 23:00:00,2024-11-03 15:00:00,win,92.53,24.99,0.0074,La Liga
B000274,M00229,Aggressive_Momentum,Betano,DNB_HOME,HOME,1.44,1.44,51.99,2024-11-03 00:30:00,2024-11-03 16:30:00,push,51.99,0.0,0.0,Bundesliga
B000276,M00230,Aggressive_Momentum,Stake,OVER_2_5,YES,1.61,1.62,113.7,2024-11-03 06:15:00,2024-11-03 17:15:00,win,183.06,69.36,-0.0062,La Liga
B000285,M00237,Aggressive_Momentum,Stake,DNB_HOME,HOME,1.38,1.37,116.88,2024-11-03 16:00:00,2024-11-04 22:00:00,win,161.29,44.41,0.0073,La Liga
B000283,M00235,Aggressive_Momentum,1xBet,MONEYLINE_HOME,HOME,1.41,1.4,136.43,2024-11-04 02:30:00,2024-11-04 19:30:00,win,192.37,55.94,0.0071,Serie A
B000289,M00239,Aggressive_Momentum,Stake,OVER_2_5,YES,2.02,2.0,130.26,2024-11-05 16:45:00,2024-11-08 21:45:00,loss,0.0,-130.26,0.01,Serie A
B000294,M00244,League_Specialist,Pinnacle,MONEYLINE_HOME,HOME,1.44,1.46,100.74,2024-11-05 18:00:00,2024-11-09 17:00:00,win,145.07,44.33,-0.0137,Premier League
B000287,M00238,Aggressive_Momentum,Stake,MONEYLINE_HOME,HOME,2.09,2.07,73.93,2024-11-06 04:45:00,2024-11-07 21:45:00,loss,0.0,-73.93,0.0097,Serie A
B000302,M00250,Quant_Value,1xBet,DNB_HOME,HOME,1.14,1.11,57.16,2024-11-06 10:45:00,2024-11-09 21:45:00,win,65.16,8.0,0.027,Serie A
B000295,M00244,Aggressive_Momentum,Pinnacle,MONEYLINE_HOME,HOME,1.48,1.5,132.64,2024-11-06 16:00:00,2024-11-09 17:00:00,win,196.31,63.67,-0.0133,Premier League
B000308,M00253,Quant_Value,Pinnacle,BTTS_YES,YES,1.44,1.34,78.5,2024-11-06 16:00:00,2024-11-10 16:00:00,loss,0.0,-78.5,0.0746,Premier League
B000293,M00243,Aggressive_Momentum,1xBet,MONEYLINE_HOME,HOME,4.38,4.57,98.91,2024-11-06 17:30:00,2024-11-09 16:30:00,loss,0.0,-98.91,-0.0416,Bundesliga
B000290,M00241,Quant_Value,Stake,OVER_2_5,YES,2.25,2.09,93.45,2024-11-06 18:30:00,2024-11-09 16:30:00,loss,0.0,-93.45,0.0766,Bundesliga
B000315,M00257,Aggressive_Momentum,Pinnacle,BTTS_YES,YES,1.1,1.09,131.45,2024-11-06 21:00:00,2024-11-10 19:00:00,loss,0.0,-131.45,0.0092,Serie A
B000300,M00249,League_Specialist,Pinnacle,MONEYLINE_HOME,HOME,1.85,1.68,101.36,2024-11-06 21:30:00,2024-11-09 19:30:00,loss,0.0,-101.36,0.1012,Bundesliga
B000288,M00239,Quant_Value,1xBet,MONEYLINE_HOME,HOME,3.47,3.35,65.23,2024-11-07 03:45:00,2024-11-08 21:45:00,loss,0.0,-65.23,0.0358,Serie A
B000307,M00252,Aggressive_Momentum,Stake,BTTS_YES,YES,1.68,1.68,99.06,2024-11-07 04:00:00,2024-11-10 16:00:00,win,166.42,67.36,0.0,Premier League
B000286,M00238,League_Specialist,Betano,BTTS_YES,YES,1.1,1.12,80.38,2024-11-07 05:45:00,2024-11-07 21:45:00,win,88.42,8.04,-0.0179,Serie A
B000299,M00248,Aggressive_Momentum,Pinnacle,MONEYLINE_HOME,HOME,3.88,3.78,100.37,2024-11-07 08:00:00,2024-11-09 19:00:00,loss,0.0,-100.37,0.0265,Serie A
B000291,M00241,Aggressive_Momentum,Pinnacle,BTTS_YES,YES,1.34,1.42,102.6,2024-11-07 11:30:00,2024-11-09 16:30:00,loss,0.0,-102.6,-0.0563,Bundesliga
B000296,M00246,Aggressive_Momentum,Betano,OVER_2_5,YES,1.92,1.91,33.44,2024-11-07 19:00:00,2024-11-09 17:00:00,loss,0.0,-33.44,0.0052,Premier League
B000298,M00248,League_Specialist,Pinnacle,MONEYLINE_HOME,HOME,3.99,3.86,12.6,2024-11-07 23:00:00,2024-11-09 19:00:00,loss,0.0,-12.6,0.0337,Serie A
B000303,M00250,Aggressive_Momentum,1xBet,OVER_2_5,YES,1.82,1.74,100.37,2024-11-07 23:45:00,2024-11-09 21:45:00,loss,0.0,-100.37,0.046,Serie A
B000310,M00254,League_Specialist,1xBet,OVER_2_5,YES,1.97,1.91,84.35,2024-11-08 03:00:00,2024-11-10 16:00:00,win,166.17,81.82,0.0314,Serie A
B000309,M00254,Quant_Value,Bet365,MONEYLINE_HOME,HOME,2.57,2.48,53.93,2024-11-08 03:00:00,2024-11-10 16:00:00,loss,0.0,-53.93,0.0363,Serie A
B000314,M00257,Quant_Value,Stake,BTTS_YES,YES,1.11,1.08,77.65,2024-11-08 03:00:00,2024-11-10 19:00:00,loss,0.0,-77.65,0.0278,Serie A
B000316,M00258,Aggressive_Momentum,1xBet,MONEYLINE_HOME,HOME,2.92,3.06,87.63,2024-11-08 12:30:00,2024-11-10 20:30:00,loss,0.0,-87.63,-0.0458,Bundesliga
B000312,M00255,Aggressive_Momentum,Stake,OVER_2_5,YES,1.93,1.89,89.14,2024-11-08 13:30:00,2024-11-10 16:30:00,loss,0.0,-89.14,0.0212,Bundesliga
B000292,M00243,League_Specialist,1xBet,OVER_2_5,YES,2.09,2.01,90.67,2024-11-08 13:30:00,2024-11-09 16:30:00,loss,0.0,-90.67,0.0398,Bundesliga
B000297,M00247,Quant_Value,Pinnacle,MONEYLINE_HOME,HOME,1.64,1.54,74.74,2024-11-08 17:00:00,2024-11-09 17:00:00,loss,0.0,-74.74,0.0649,Premier League
B000305,M00252,Quant_Value,Pinnacle,MONEYLINE_HOME,HOME,1.28,1.22,85.12,2024-11-09 00:00:00,2024-11-10 16:00:00,loss,0.0,-85.12,0.0492,Premier League
B000306,M00252,League_Specialist,Stake,MONEYLINE_HOME,HOME,1.19,1.24,112.34,2024-11-09 00:00:00,2024-11-10 16:00:00,loss,0.0,-112.34,-0.0403,Premier League
B000301,M00249,Aggressive_Momentum,1xBet,MONEYLINE_HOME,HOME,1.66,1.7,132.62,2024-11-09 05:30:00,2024-11-09 19:30:00,loss,0.0,-132.62,-0.0235,Bundesliga
B000311,M00255,Quant_Value,1xBet,OVER_2_5,YES,2.03,1.87,90.12,2024-11-09 06:30:00,2024-11-10 16:30:00,loss,0.0,-90.12,0.0856,Bundesliga
B000304,M00251,League_Specialist,Stake,DNB_HOME,HOME,1.12,1.09,90.91,2024-11-09 10:00:00,2024-11-09 22:00:00,win,101.82,10.91,0.0275,Premier League
B000313,M00256,Quant_Value,1xBet,DNB_HOME,HOME,1.43,1.38,90.49,2024-11-09 23:30:00,2024-11-10 18:30:00,push,90.49,0.0,0.0362,Premier League
B000321,M00266,Quant_Value,Stake,OVER_2_5,YES,2.1,1.96,62.92,2024-11-19 19:00:00,2024-11-23 17:00:00,loss,0.0,-62.92,0.0714,Premier League
B000318,M00263,Quant_Value,Stake,BTTS_YES,YES,1.35,1.33,54.89,2024-11-20 07:00:00,2024-11-23 17:00:00,win,74.1,19.21,0.015,Premier League
B000323,M00268,Quant_Value,Betano,MONEYLINE_HOME,HOME,8.3,8.08,66.43,2024-11-20 20:00:00,2024-11-24 16:00:00,loss,0.0,-66.43,0.0272,Premier League
B000317,M00262,League_Specialist,Stake,MONEYLINE_HOME,HOME,1.59,1.57,60.18,2024-11-21 10:00:00,2024-11-23 17:00:00,win,95.69,35.51,0.0127,Premier League
B000322,M00267,League_Specialist,1xBet,DNB_HOME,HOME,1.12,1.1,96.92,2024-11-21 15:30:00,2024-11-23 19:30:00,win,108.55,11.63,0.0182,Bundesliga
B000320,M00265,League_Specialist,Bet365,MONEYLINE_HOME,HOME,1.5,1.45,74.66,2024-11-22 03:00:00,2024-11-23 17:00:00,loss,0.0,-74.66,0.0345,Premier League
B000319,M00264,Aggressive_Momentum,1xBet,MONEYLINE_HOME,HOME,2.42,2.3,83.85,2024-11-22 21:00:00,2024-11-23 17:00:00,loss,0.0,-83.85,0.0522,Premier League
B000325,M00269,Quant_Value,Stake,OVER_2_5,YES,2.11,1.95,75.59,2024-11-23 15:30:00,2024-11-24 18:30:00,loss,0.0,-75.59,0.0821,Premier League
B000324,M00268,Aggressive_Momentum,Bet365,MONEYLINE_HOME,HOME,7.94,8.35,95.67,2024-11-24 00:00:00,2024-11-24 16:00:00,loss,0.0,-95.67,-0.0491,Premier League
B000326,M00270,Quant_Value,Pinnacle,DNB_HOME,HOME,1.09,1.05,32.49,2024-11-26 04:30:00,2024-11-29 21:30:00,win,35.41,2.92,0.0381,Bundesliga
B000327,M00271,Quant_Value,Stake,DNB_HOME,HOME,2.11,2.03,63.4,2024-11-28 04:30:00,2024-11-30 16:30:00,loss,0.0,-63.4,0.0394,Bundesliga
B000329,M00272,Aggressive_Momentum,Betano,MONEYLINE_HOME,HOME,2.28,2.31,38.61,2024-11-28 08:30:00,2024-11-30 16:30:00,loss,0.0,-38.61,-0.013,Bundesliga
B000328,M00272,League_Specialist,Pinnacle,MONEYLINE_HOME,HOME,2.45,2.32,64.56,2024-11-28 09:30:00,2024-11-30 16:30:00,loss,0.0,-64.56,0.056,Bundesliga
B000330,M00273,Quant_Value,Stake,BTTS_YES,YES,1.36,1.27,72.75,2024-11-30 09:30:00,2024-11-30 19:30:00,win,98.94,26.19,0.0709,Bundesliga
B000331,M00275,Quant_Value,1xBet,MONEYLINE_HOME,HOME,1.16,1.09,66.98,2024-12-07 00:30:00,2024-12-07 16:30:00,win,77.7,10.72,0.0642,Bundesliga
B000333,M00278,Quant_Value,Stake,OVER_2_5,YES,2.04,1.9,73.68,2024-12-07 02:30:00,2024-12-08 16:30:00,win,150.31,76.63,0.0737,Bundesliga
B000332,M00277,Aggressive_Momentum,Bet365,DNB_HOME,HOME,1.39,1.33,119.11,2024-12-07 09:30:00,2024-12-07 19:30:00,push,119.11,0.0,0.0451,Bundesliga
B000334,M00279,League_Specialist,1xBet,MONEYLINE_HOME,HOME,1.98,1.89,93.89,2024-12-10 03:30:00,2024-12-13 21:30:00,win,185.9,92.01,0.0476,Bundesliga
